"name","unp","instrument_uuid","ticker","share_kind"
"365 градусов ЗАО","191442203","5b71803c","T3680-S0001","common"
"Агро Свисс ЗАО","590777830","65fe1448","T5386-S0001","common"
"Адванст Релэй Мишн Аппликэйшнс ЗАО","192976224","e903a7a8","T6108-S0001","common"
"Альтернатива ПКФ ЗАО","300079571","f1661af4","T5267-S0001","common"
"Анубис-Энерги ЗАО","590831593","c3ae3218","T4320-S0001","common"
"А/О ""Гомель-Лада""","400029076","378a358b","T1295-S0001","common"
"АРЕАЛ БЕЛ СЗАО","190542148","ef3a9631","T5592-S0001","common"
"БайкСет ЗАО","790258178","38053546","T2626-S0001","common"
"БАМ-БелСтройСервис СЗАО","690614155","0d800f45","T5680-S0001","common"
"Банк ВТБ (публичное акционерное общество)","7702070139","6e9efe6e","T9251-S0004E","common"
"БелИнфра-Рей ЗАО","190346219","0bf7458e","T5581-S0001","common"
"БЕЛКАСТМЕТ ЗАО","190385115","41d4dbfe","T5697-S0001","common"
"БЕЛ-НЕГАС ЗАО","101406747","7e45da6e","T5807-S0001","common"
"белорусско-молдавское СОАО ""Кодру""","400051928","3a8a8bed","T1322-S0007","common"
"Белриэлтнедвижимость ЗАО","191438345","76ad6f13","T3422-S0001","common"
"БелСоюзТранс ЗАО","690643802","79b6a86a","T3925-S0001","common"
"БелЭкспоТур ЗАО","100707094","bf3908b0","T4132-S0001","common"
"Березина-Лада ОАО","700067664","6247ed1b","T1892-S0001","common"
"БМ БЭСТ КОМПАНИ ЗАО","191403243","b2cd2f2d","T3028-S0001","common"
"БОАО ""Промторг""","700089724","0e223f65","T1911-S0001","common"
"Бобруйский строитель ОАО","790849359","8007c623","T4724-S0001","common"
"Брестоблгарант ОАО","200274495","9fd53e00","T1056-S0001","common"
"БЫТРАДИОТЕХНИКА ЗАО","101147716","3e8a6d9b","T2771-S0001","common"
"В-КОМАС ЗАО","191699739","b222e4af","T4135-S0001","common"
"ВНЕШСБЫТТОРГ ЗАО","100649193","f3823a60","T3954-S0001","common"
"Волковысское ЗАО ""Сельдорстрой""","500029733","a97f08d0","T5350-S0002","common"
"Волковысское ОАО ""Беллакт""","500043093","99084b97","T2335-S0002","common"
"Волковысское ОАО ""Контакт""","500042852","42b0a159","T1526-S0003","common"
"Волковысское ОАО ""СМТ № 32""","500042559","4d559d30","T2334-S0001","common"
"Гермес - полимер ЗАО","192036654","bb961af7","T4671-S0001","common"
"ГЗАО ПСК ""Дианит""","400538237","ce371d6c","T4622-S0001","common"
"ГласНефтеХим трейд ЗАО","190732652","a9048e93","T3281-S0001","common"
"Глусское ОАО ""Ориентир""","700031579","1c9a35a1","T4538-S0001","common"
"Гомельоблстрой ОАО","400051693","96064e75","T3178-S0001","common"
"Гомельский жировой комбинат ОАО","400078303","09e3ec5b","T1368-S0001","common"
"Государственное предприятие ""Белэнергострой""-управляющая компания холдинга""","100056165","6873e307","T0232-S0001","common"
"Государственное предприятие ""РНТЦ по ценообразованию в строительстве""","101024243","8d909f59","T0794-S0001","common"
"ГПФ ""Акцент"" ОАО","500047961","589e2f9d","T1535-S0005","common"
"ГПФ ""Акцент"" ОАО","500047961","848b1e4d","T1535-S0006P","preferred"
"Грузтранс ЗАО","101061318","49c93696","T5542-S0001","common"
"Гуртпромстрой ОАО","600154463","932fbba2","T1773-S0001","common"
"Даймлер Авто ЗАО","191507788","4c5f5195","T3866-S0001","common"
"Дельта Страхование ЗАСО","100336711","47973fd8","T2953-S0001","common"
"Дзержинск-Лада ЗАО","600005294","4b50195b","T5458-S0001","common"
"Диназ Нафта СЗАО","800011900","70de0934","T5579-S0001","common"
"ДОРМАШКОМПЛЕКТ ЗАО","101034896","d8de2f78","T5651-S0001","common"
"ДСПМК-94 ЗАО","600045674","676f7584","T6208-S0001","common"
"ЕКА-ПРОЦЕССИНГ ИЗАО","800016785","96997a96","T5682-S0001","common"
"Завод ЖБК г.Витебск ОАО","300602429","81c8acb2","T1239-S0001","common"
"Закрытое акционерное общество ""Гомельлифт""","400068184","f9177a23","T2743-S0004","common"
"Закрытое акционерное общество ""Гомельлифт""","400068184","798ce7d4","T2743-S0005P","preferred"
"ЗАО ""1000 МЕЛОЧЕЙ""","100029184","dd035783","T5917-S0001","common"
"ЗАО ""1 Мая""","600032170","cf624c5c","T4395-S0001","common"
"ЗАО ""А2+""","600124348","ecd1b4d4","T2909-S0001","common"
"ЗАО ""Аатек""","390401460","f266c4eb","T6419-S0001","common"
"ЗАО ""АВАНГАРД ЛИЗИНГ""","191257170","2b8f1c30","AVGRD-S0001","common"
"ЗАО ""Август-Бел""","690604286","e6482c69","T2522-S0001","common"
"ЗАО ""Авиакомпания ""БайСкай""","192807794","4776bf03","T6001-S0001","common"
"ЗАО ""Автодор Инжиниринг""","693141462","ce1f9391","T6450-S0001","common"
"ЗАО ""АВТОКОМБИНАТ N2""","100279781","04b290f6","T5503-S0001","common"
"ЗАО ""Авто Мастерс""","193224525","b8bec8e4","T6332-S0001","common"
"ЗАО ""АвтоПартнерСервис""","691579731","b3c099b9","T6298-S0001","common"
"ЗАО ""АВТОПРИВАЛ""","100989128","0f4d8499","T5558-S0001","common"
"ЗАО ""Автопривод""","690600265","a2bcf134","T5223-S0001","common"
"ЗАО ""АВТОРЕМСТРОЙМОНТАЖ""","100288986","ee41eeb2","T3833-S0001","common"
"ЗАО ""Автотрейд""","390185224","2e34bea4","T4140-S0001","common"
"ЗАО ""Агентство Новых Технологий""","190657517","b070b09a","T5444-S0001","common"
"ЗАО ""Агентство стратегического и экономического развития""","192419636","0c52e577","T6439-S0001","common"
"ЗАО ""Агринка""","691783685","8b163e82","T5848-S0001","common"
"ЗАО ""Агробиоресурс""","291049389","92fca426","T4447-S0001","common"
"ЗАО ""Агроидеи""","790957325","13674e55","T5191-S0001","common"
"ЗАО ""АГРОКАПИТАЛ""","101000004","b106aa38","T3881-S0006","common"
"ЗАО ""Агрокомбинат ""Заря""","700124410","1a27df82","T6066-S0001","common"
"ЗАО "" Агрокомбинат Несвижский""","101170745","ede5f311","T3700-S0002","common"
"ЗАО ""Агромашхимсервис""","790678530","ed9181e3","T2755-S0001","common"
"ЗАО ""Агропромсельмаш""","500022489","bbdd2a7d","T5482-S0001","common"
"ЗАО ""АГРОСЕМСЕРВИС""","100702952","e95dcac2","T5845-S0001","common"
"ЗАО ""Агростандарт""","190917649","1a4357e5","T5108-S0001","common"
"ЗАО ""Агрострой""","200017556","0076b859","T5541-S0001","common"
"ЗАО ""Агрохиминвест""","192715864","c44aae86","T6081-S0001","common"
"ЗАО ""АГРОЭКСПЕРИМЕНТ""","690322252","3da01171","T5695-S0001","common"
"ЗАО ""АДВИН Смарт Фэктори""","100054851","7a94dab0","T8888-S0001","common"
"ЗАО ""АДИПОЛЬ""","600205757","0d15521c","T2878-S0001","common"
"ЗАО ""Адмирал Хуссо""","691618530","95042287","T5739-S0001","common"
"ЗАО ""АЖУР инкам""","193405000","f53b508c","T6486-S0001","common"
"ЗАО ""АЖЫНА""","100028213","8849cf99","T2708-S0001","common"
"ЗАО ""АЙГЕНИС""","100862882","2257f1c7","Aigen-S0001","common"
"ЗАО ""АЙРОНТЕЛ""","100985931","973544a6","T4275-S0001","common"
"ЗАО ""АйЭсТи Интернэшнл Софтвэа Технолоджи""","191700095","d7d256a1","T4152-S0001","common"
"ЗАО ""АКАДЕМТРАНС""","100670028","f023a1cb","T2630-S0001","common"
"ЗАО ""Аквапромлит""","691322780","e7291248","T3799-S0001","common"
"ЗАО ""АКЛИЯ""","100008301","19de7863","T4835-S0003","common"
"ЗАО ""АКТАГОР-ТЕЛЕКОМ""","190635776","c5b6df58","T2606-S0001","common"
"ЗАО ""АКЦЕНТ-ИНВЕСТ""","190934602","992d5c7f","T6267-S0001","common"
"ЗАО ""АлТехЭкспорт""","810001407","bcc11d4d","T5914-S0001","common"
"ЗАО ""АЛТОЛАН""","100977667","56c1fc0e","T6162-S0001","common"
"ЗАО ""Альбион Групп""","191309141","e236ccfe","T2930-S0001","common"
"ЗАО ""АЛЬВЕНА-ИНФО""","101035412","0ac4435b","T5947-S0004","common"
"ЗАО ""АЛЬТЕРНАТИВА Брест""","291427570","8b2d5b4a","T5366-S0001","common"
"ЗАО ""Альфа-Актив""","290426827","808ded30","T2979-S0001","common"
"ЗАО ""Альфа-Актив""","290426827","9885d549","T2979-S0002P","preferred"
"ЗАО ""Альфа-Банк""","101541947","cb5102b9","ALFA-S0001","common"
"ЗАО ""Амвольт Витебск""","391000791","b091c5bc","T2883-S0001","common"
"ЗАО ""Амвольт Могилев""","812001613","545ba463","T2744-S0001","common"
"ЗАО ""Амвольт Несвиж""","690658888","cdf2c94a","T4947-S0001","common"
"ЗАО ""Амкодор-Пинск""","200548726","0d62b77f","T4250-S0001","common"
"ЗАО ""АМКОДОР-РЭН-МОНАРС""","100626808","e99184da","T5209-S0003","common"
"ЗАО ""Амкодор-Спецсервис""","100187680","d1bc5193","T4368-S0001","common"
"ЗАО ""АМКОДОР-УНИКАБ""","600077950","e001505f","T2830-S0001","common"
"ЗАО ""Амкодор-Эластомер""","100124928","9815451f","T5982-S0001","common"
"ЗАО ""АМПЕРЫ""","391621965","c4c0cbfe","T6065-S0001","common"
"ЗАО ""АМТЕСТ""","100029250","3b4974e3","T6079-S0001","common"
"ЗАО ""Аналитресурс""","192430474","25116cfc","T5176-S0001","common"
"ЗАО ""Андрусерра Агро""","690557753","703e8241","T6449-S0001","common"
"ЗАО ""АНКОР БиУай""","191301444","690884a3","T2784-S0001","common"
"ЗАО ""АНПЛАСТ""","300424715","4ff3fdd5","T5674-S0001","common"
"ЗАО ""Анхель Трейд""","690249809","7ff5e822","T5801-S0001","common"
"ЗАО ""Аптека групп Юг""","700232696","9c8526e8","T5637-S0001","common"
"ЗАО ""АренаКапитал""","192500487","aaae7553","T5234-S0001","common"
"ЗАО ""Арко""","500448030","6bb851ea","T3694-S0003","common"
"ЗАО ""Арматурно-Изоляторный завод""","790376608","4cdc5358","T2590-S0001","common"
"ЗАО ""АрмисИнвестГрупп""","192753312","064ea554","Armis-S0001","common"
"ЗАО ""АРТ-е Центр""","691700482","1736ac8c","T6383-S0001","common"
"ЗАО ""Артрент""","192018255","830da7db","T4669-S0001","common"
"ЗАО ""Артуа Информ""","291666082","1f225a92","T6520-S0001","common"
"ЗАО ""АРЦФОРЕСТ""","101103249","3893a69e","T5706-S0001","common"
"ЗАО ""АСАТ""","700014694","a8b8148a","T5571-S0001","common"
"ЗАО ""АСБ-Агро Городец""","790583762","d5138779","T4646-S0001","common"
"ЗАО ""АСБ-Агро Кухтичи""","691324770","70ab0867","T4311-S0001","common"
"ЗАО ""АСБ-Агро Новатор""","391013445","256a35be","T4632-S0001","common"
"ЗАО ""АСБ-Агро Тетерино""","790819843","4490f62f","T4448-S0001","common"
"ЗАО ""АСиТ""","100308415","07ec7baa","T2251-S0001","common"
"ЗАО ""Ассоциация""","500054127","fd1874cc","T5636-S0001","common"
"ЗАО ""АТК""","691700574","98af1f3b","T6195-S0001","common"
"ЗАО ""АУДИТКОНСУЛЬТ""","100965726","a32990dc","T5008-S0001","common"
"ЗАО ""АУДИТ-ЭКСПЕРТ""","190369701","a17e8037","T3941-S0001","common"
"ЗАО ""АЭС-инвест""","191434919","a18d5add","T3062-S0001","common"
"ЗАО Банк ВТБ (Беларусь)","101165625","3cde3d4a","VTB-S0003","common"
"ЗАО ""Банковско-финансовая телесеть""","800011449","df32d952","T4260-S0001","common"
"ЗАО ""Банк ""Решение""","100789114","4ae4045b","T2920-S0004","common"
"ЗАО ""Банк РРБ""","100361187","4aa90d2a","RRB-S0014P","preferred"
"ЗАО ""Банк РРБ""","100361187","b47bf5c2","RRB-S0016","common"
"ЗАО ""Барановичиспецстрой""","200167308","d635f2da","T0984-S0001","common"
"ЗАО ""Белавионика""","490692195","1ccc298e","T6032-S0001","common"
"ЗАО ""БЕЛАВТОГАЗ""","100079168","28ffb73a","T4232-S0001","common"
"ЗАО ""БЕЛАВТОРЕСУРС""","101314620","f11be8ed","T5520-S0001","common"
"ЗАО ""БЕЛАГРОИНТОРГ""","100071233","76255fd6","T5134-S0001","common"
"ЗАО ""Белагро-недвижимость""","191737238","7391d83b","T4241-S0001","common"
"ЗАО ""Белагро птицефабрика""","193315949","c9a318da","T6412-S0001","common"
"ЗАО ""Бел Альта Берклей""","193325397","859cccc8","T6411-S0001","common"
"ЗАО ""БЕЛАМАДОР""","100711284","f25cb37e","T2567-S0001","common"
"ЗАО ""Беламиногрупп""","192618138","36eac09e","T5462-S0001","common"
"ЗАО ""БЕЛАПАН""","100024381","c67f5b1a","T5135-S0001","common"
"ЗАО ""БЕЛАРИНТЕРПРОЕКТ""","101097444","713b56e5","T5785-S0001","common"
"ЗАО ""БЕЛАСЕПТИКА""","100917107","13f19c07","T6445-S0001","common"
"ЗАО ""БелБанкротАукцион""","193417684","799434d6","T6511-S0001","common"
"ЗАО ""БелБергхофф""","191084283","c1987814","T5278-S0001","common"
"ЗАО ""БЕЛБИЗНЕСЛИЗИНГ""","100646748","ef182324","T3683-S0001","common"
"ЗАО ""Белвест Ритейл Москва""","391815189","fd8cdae7","T6075-S0001","common"
"ЗАО ""БелВнедрение""","192429799","eb4d6174","T5171-S0001","common"
"ЗАО ""БЕЛВНЕШИНВЕСТ""","100736767","7afd8dfc","T5528-S0001","common"
"ЗАО ""Белвнешпродсервис""","192004510","a633ea96","T4601-S0001","common"
"ЗАО ""БЕЛГАЗЗАПЧАСТЬ""","690022123","12e35bd3","T5984-S0001","common"
"ЗАО ""Белгазмонтаж""","400226450","65a4dd17","T5677-S0001","common"
"ЗАО ""БЕЛГИДРОХИМРЕСУРС""","101293240","3588753c","T5918-S0001","common"
"ЗАО ""Белглорд""","291252068","d39645bb","T5428-S0001","common"
"ЗАО ""БелгранМет""","691337784","c5f8aebc","T5425-S0001","common"
"ЗАО ""БелДрагмет""","691726336","ea6c9ebb","T6142-S0001","common"
"ЗАО ""БелДубТрейд""","693150999","4e5b381f","-S0001","common"
"ЗАО ""БелжилпроектПромстрой""","690784286","2a733817","T3747-S0001","common"
"ЗАО ""БелИнСофт""","193182132","3cddcaaf","T6293-S0001","common"
"ЗАО ""БелИнФильм""","191685318","e0b8761f","T3873-S0001","common"
"ЗАО ""БЕЛКП-ПРЕСС""","100742707","173985d7","T4215-S0001","common"
"ЗАО ""БеллаПак""","690841456","135a130f","T5249-S0001","common"
"ЗАО ""Беллестехмонтаж""","200167193","ea640eaa","T5430-S0002","common"
"ЗАО ""Бел Медиа Союз""","190883482","9c642359","T4485-S0001","common"
"ЗАО ""Белмедпоставка""","190867933","fdf4fab5","T2549-S0001","common"
"ЗАО ""БЕЛМЕДТЕХЦЕНТР""","191754602","92f62b20","T4229-S0001","common"
"ЗАО ""Белмонтажхимзащита""","400062556","3d8b1e83","T3900-S0001","common"
"ЗАО ""БЕЛНАСОСПРОМ""","101149627","1783c9f9","T5784-S0001","common"
"ЗАО ""БелНерудТрейд""","691779732","d89f46ac","T5322-S0001","common"
"ЗАО ""БелНовация""","691292193","4ad23032","T5009-S0001","common"
"ЗАО ""Белоблстрой""","190715829","833b4c22","T5349-S0001","common"
"ЗАО ""Беловежа Биогаз""","690664710","b729a67e","T5749-S0001","common"
"ЗАО ""Белорусская нефтяная компания""","190832326","26fe9edc","T3004-S0001","common"
"ЗАО ""БЕЛОРУССКИЙ СПУТНИК""","100072811","30210566","T4188-S0005","common"
"ЗАО ""БЕЛПЛАСТХИМ""","810000931","1cdd7cf0","T4975-S0001","common"
"ЗАО ""БЕЛПОЖСТРОЙ""","391059573","c8f42e55","T4387-S0001","common"
"ЗАО ""БЕЛПРОДУКТ""","600523662","0f2d0c09","T5675-S0001","common"
"ЗАО ""БЕЛПРОЕКТСТАЛЬКОНСТРУКЦИЯ""","100135160","a6391d6b","T5497-S0001","common"
"ЗАО ""Белпромкровля""","590886992","e061abfc","T2874-S0001","common"
"ЗАО ""Белпромприбор""","101036605","19d6e45f","T5550-S0001","common"
"ЗАО ""БЕЛПРОМПРИБОР-Х""","101365322","f0b33c54","T5076-S0003","common"
"ЗАО ""БЕЛРАДИОПЭЙДЖ""","101190815","30d541ec","T4967-S0001","common"
"ЗАО ""Белреализация""","191113330","b7930223","T3891-S0001","common"
"ЗАО ""БЕЛРЕМНАСОС""","101186069","da3a1a69","T5547-S0001","common"
"ЗАО ""БЕЛРОБОТ""","100165656","5dfc6286","T4469-S0001","common"
"ЗАО ""БЕЛРОССПЛАВ""","100534194","b1dd0385","T5630-S0001","common"
"ЗАО ""Белсалттрэйд""","192605428","09ded559","T5448-S0001","common"
"ЗАО ""БЕЛСЕТАНТА""","191752773","5d509b29","T4200-S0001","common"
"ЗАО ""Белславинвест""","190832459","ba2a7fa2","T6428-S0001","common"
"ЗАО ""БЕЛСНАБПОДШИПНИК""","100371574","8edf1496","T5884-S0001","common"
"ЗАО ""БЕЛСОФТ""","300047729","51989be4","T4999-S0001","common"
"ЗАО ""БЕЛСОФТ ТЕХНОЛОГИИ""","193044502","09fdb585","T6160-S0001","common"
"ЗАО ""Белспецмонтажавтоматика""","500040293","b9c2e87b","T3761-S0001","common"
"ЗАО ""БЕЛСПЕЦЭНЕРГО""","100069059","e844fbeb","T2869-S0002","common"
"ЗАО ""БЕЛСПЕЦЭНЕРГО""","100069059","91db2b04","T2869-S0003P","preferred"
"ЗАО ""БЕЛСПОРТТЕХНИКА""","100522585","17c7456c","T4570-S0001","common"
"ЗАО ""БЕЛСТАТС""","100718421","3d236c76","T5610-S0001","common"
"ЗАО ""Бел Сток Кэпитал ЭксЕ""","193321958","be94b19b","T6410-S0001","common"
"ЗАО ""БЕЛСТРОЙТЕХНОЛОГИЯ""","101283675","5974f748","T5014-S0001","common"
"ЗАО ""БЕЛТАНК""","192722642","15393c69","T5843-S0001","common"
"ЗАО ""БЕЛТАТ-М""","101029311","6994e290","T4299-S0001","common"
"ЗАО ""БЕЛТЕКС ОПТИК""","500571210","170bf935","T6374-S0001","common"
"ЗАО ""БЕЛТЕПЛОМАШСТРОЙ""","190526229","3ac4e13b","T4960-S0001","common"
"ЗАО ""БЕЛТЕХМЕТ""","101294673","cbbc00c6","T5765-S0001","common"
"ЗАО ""БЕЛТЕХНОПРОМСЕРВИС""","100026476","2965eb0c","T6335-S0005","common"
"ЗАО ""БЕЛТЕХОСНАСТКА""","100921751","5d144f64","T5603-S0001","common"
"ЗАО ""БЕЛТИМ СБ""","190527159","9ac8db7f","T5844-S0001","common"
"ЗАО ""БЕЛТОПЭНЕРГО""","101090891","8f4d3530","T5543-S0001","common"
"ЗАО ""БелТЭН""","100043866","87c82730","T4150-S0001","common"
"ЗАО ""БЕЛТЯЖМАШ""","100625309","2bb2c3db","T4304-S0003","common"
"ЗАО ""БЕЛФАРМАЦЕВТИКА""","101212862","f6f146d4","T2694-S0001","common"
"ЗАО ""БелХард Групп""","101213657","32911cb7","T5319-S0004","common"
"ЗАО ""БЕЛХИМСЕРВИС""","100968447","d2d294e5","T6068-S0001","common"
"ЗАО ""БЕЛЭКОМЕДСЕРВИС""","101372499","08d34447","T5199-S0001","common"
"ЗАО ""БЕЛЭЛЕКТРОНКОМПЛЕКТ""","100542826","35f848e4","T2975-S0001","common"
"ЗАО ""Бел Энерджи Логистик Групп""","193208820","23230a9b","T6321-S0001","common"
"ЗАО ""БерезаГАЗавтосервис""","200329771","a70aea4c","T5865-S0001","common"
"ЗАО ""Береза-Лада""","200022104","c04d99dc","T5629-S0001","common"
"ЗАО ""БЕРОЛИНА""","100839215","b8b7b1c4","T4029-S0001","common"
"ЗАО ""Бетонверк-технология""","692142540","faaece95","T6392-S0001","common"
"ЗАО ""Биартрас""","600050008","2a2cd136","T2358-S0001","common"
"ЗАО ""БИЗНЕС АУТСОРСИНГ""","192995341","6debc6e3","T6128-S0001","common"
"ЗАО ""БИЗНЕСИНВЕСТЛИЗИНГ""","101248228","8bc8486f","T3817-S0003","common"
"ЗАО ""БизнесРент""","191483291","de31e547","T3585-S0001","common"
"ЗАО ""Бинор-М""","101111169","e4617200","T5783-S0001","common"
"ЗАО ""БИО ДОЛАУРУС""","590831777","6459ce8e","T5275-S0001","common"
"ЗАО ""БиоСтарИнжиниринг""","808001182","668a18ff","T2619-S0001","common"
"ЗАО ""Биотехпром""","690567199","fcb988ab","T5699-S0001","common"
"ЗАО ""БирЖэкс""","192028137","f12c5df7","T4651-S0001","common"
"ЗАО ""БИСМАРТ""","101235837","3a14ff43","T5584-S0001","common"
"ЗАО ""Битлэнд""","291541890","d5519556","BITL-S0001","common"
"ЗАО ""БЛАНЖ""","100739488","61378176","T3022-S0001","common"
"ЗАО ""БМЦ""","100270996","9429a0a5","T5951-S0001","common"
"ЗАО ""БНБК""","690664593","c103b77f","T5758-S0001","common"
"ЗАО ""БНТП""","291071370","930717a3","T3974-S0001","common"
"ЗАО ""Бобруйский бровар""","790224401","08125028","T3018-S0001","common"
"ЗАО ""БобруйскМебель""","700060088","c94c042a","T3435-S0001","common"
"ЗАО ""Большие Славени""","700027562","4a9f8f39","T4668-S0001","common"
"ЗАО ""БОНЕМ""","100759001","2dccf1cc","T5424-S0001","common"
"ЗАО ""Борисовский завод ""Металлист""","600125742","7044d062","BZMet-S0002","common"
"ЗАО ""Ботоком""","290374233","dad80ac9","T3702-S0001","common"
"ЗАО ""Боярин-Сервис""","691446267","8b4034b2","T6460-S0001","common"
"ЗАО ""Бреминс""","200334238","b00a8f2b","T6148-S0001","common"
"ЗАО ""Брест-ОПТИМАЛ""","200062908","e477bce7","T5532-S0001","common"
"ЗАО ""Брестский завод растительных масел""","290496368","4a333860","T3676-S0001","common"
"ЗАО ""БрикетИстейт""","193200993","288edbae","T6364-S0001","common"
"ЗАО ""БРК""","200574861","667d06c9","T5566-S0001","common"
"ЗАО ""БРКвест""","101140339","f5249a84","T3145-S0001","common"
"ЗАО ""БРОК-БРЕСТ-ПКФ""","200002274","46a77f5d","T6164-S0007","common"
"ЗАО ""БРОК-БРЕСТ-ПКФ""","200002274","3e8e7a59","T6164-S0008P","preferred"
"ЗАО ""БРОК-СВ","100428917","264b304f","T5842-S0001","common"
"ЗАО ""БРОСТОК""","101222943","8e8cba37","T4089-S0001","common"
"ЗАО ""БСБ Банк""","807000069","059f69c9","T2705-S0006","common"
"ЗАО ""БСБ Банк""","807000069","6a49a651","T2705-S0007P","preferred"
"ЗАО ""БСМЗ""","790796751","fc3d540e","T4438-S0001","common"
"ЗАО ""Б Софт Лаборатория""","190491117","d51ad280","T5311-S0001","common"
"ЗАО ""БСТ""","101017013","ec5220db","T4873-S0001","common"
"ЗАО ""БТЭ""","100138662","d4ed12b9","T3929-S0001","common"
"ЗАО ""БТЭФК""","190043479","b616ebad","T5588-S0001","common"
"ЗАО ""БудТехМил""","100950748","a926295e","T3816-S0001","common"
"ЗАО ""Бытовые машины и приборы""","300207577","a97dd0f7","T5554-S0001","common"
"ЗАО ""БЫТТЕХНОСЕРВИС""","100830948","80d637ec","T6046-S0003","common"
"ЗАО ""ВАДАРИНА""","391564078","5e2168db","T6099-S0001","common"
"ЗАО ""Валинор""","192517733","2b824be5","T5277-S0001","common"
"ЗАО ""ВАРИА-СЕРВИС""","100142717","7a943247","T5641-S0001","common"
"ЗАО ""Ваш Ассистанс""","192289319","fddd442e","T4913-S0001","common"
"ЗАО ""Вектор Капитал Групп""","193519098","f8331db2","-S0001","common"
"ЗАО ""ВЕНДИГО""","100004786","e24f2cc1","T4939-S0001","common"
"ЗАО ""Верлион""","191785632","90a3cbf4","T4385-S0001","common"
"ЗАО ""Вертол-Инвест""","691700880","6558679d","T6347-S0001","common"
"ЗАО ""ВЕРТРАГИЯ""","101158209","f6390bb2","T3026-S0001","common"
"ЗАО ""ВЕСТФАЛИЯСЕРВИС""","291053525","9d3860c8","T4288-S0001","common"
"ЗАО ""ВетАльянс""","691824459","8bbabf64","T5902-S0001","common"
"ЗАО ""Ветразь""","700012012","fe38ebcd","T4998-S0001","common"
"ЗАО ""ВЕТРАЗЬ""","100379072","3cbe0315","T5622-S0001","common"
"ЗАО ""ВиаСЕТрейд""","190835552","bd0141ae","T2760-S0001","common"
"ЗАО ""Видеосоюз""","191033142","fd925f79","T5793-S0001","common"
"ЗАО ""Виктория""","700178471","fa4bbbeb","T6540-S0001","common"
"ЗАО ""ВИЛАРИС""","100596938","ead675ff","T2257-S0001","common"
"ЗАО ""ВИЛИЯ""","100088786","106a5e16","T4403-S0001","common"
"ЗАО ""ВиндоВуд""","691925912","6d7c3781","T5978-S0001","common"
"ЗАО ""Випром""","300079372","62337510","T5100-S0001","common"
"ЗАО ""ВитаКомплайн""","192948247","ef654e15","T6060-S0001","common"
"ЗАО ""Витебскагропродукт""","300003185","f5c9a6ec","VITAP-S0001","common"
"ЗАО ""Витебский завод промышленной переработки""","391508149","57ee7596","T5262-S0001","common"
"ЗАО ""Витебскмясомолторг""","391852452","b34a9b6e","T6189-S0001","common"
"ЗАО ""Вить""","400348702","ae2dc4c6","T5524-S0001","common"
"ЗАО ""ВИТЭКС""","100026583","115454bd","T3744-S0001","common"
"ЗАО ""Внешпромагроинвест""","691468605","e8d6575d","T4333-S0001","common"
"ЗАО ""ВНЕШТОРГПРОМИНВЕСТ""","100201349","7acade9c","T5666-S0001","common"
"ЗАО ""Водород""","191636450","80953dc4","T4313-S0001","common"
"ЗАО ""ВОЗВЫШЕННОСТЬ""","100088694","1d52ec45","T3040-S0003","common"
"ЗАО ""ВОЛОК""","390286027","aed9b9f7","T5713-S0001","common"
"ЗАО ""ВОЛЬНА""","100387745","6d5ce111","T4627-S0001","common"
"ЗАО ""Ворлд Вайд Инвестментс""","191438516","f998947e","T4074-S0001","common"
"ЗАО ""ВП-ТрейдКомплекс""","192413903","b425604b","T5113-S0001","common"
"ЗАО ""Всему своё время""","590189197","8bffd012","T5002-S0001","common"
"ЗАО ""ВТОРОЙ НАЦИОНАЛЬНЫЙ ТЕЛЕКАНАЛ""","190334694","2d698a0f","T2836-S0001","common"
"ЗАО ""ВУЛКАН""","300200212","9d298d8d","T5642-S0001","common"
"ЗАО ""ВЫСТАВОЧНЫЙ ЦЕНТР ""АКВАБЕЛ"" Минский район","600438617","5d9b05ca","T5434-S0001","common"
"ЗАО ""Газотурбинные технологии""","192428381","936260c1","T5158-S0001","common"
"ЗАО ""Галилей""","192031624","539defd0","T4820-S0001","common"
"ЗАО""Гастроном Юбилейный""","400014986","c416f174","T5838-S0001","common"
"ЗАО ""ГДХЕМИКС""","101189928","687c8d86","T5993-S0001","common"
"ЗАО ""ГЕЛИОС ГАЗ""","590886221","a0b39ff4","T3760-S0001","common"
"ЗАО ""Гермес-сталь-проект""","191083139","f5f91426","T4323-S0001","common"
"ЗАО ""ГЗНМ""","491055878","b86dba04","T4517-S0001","common"
"ЗАО ""ГИДРОДИНАМИКА""","100025985","1e1044e9","T5079-S0001","common"
"ЗАО ""ГИДРОХИМНАСОСМОНТАЖ""","101449636","935e0d50","T5846-S0001","common"
"ЗАО ""ГИРСТВО""","100237712","216db64b","T5299-S0001","common"
"ЗАО ""ГИФОС""","100089767","e3da71ff","T5782-S0001","common"
"ЗАО ""Главный элемент""","690592759","f0756dea","T4889-S0001","common"
"ЗАО ""ГЛОБАЛВАНБЕЛ""","100997035","dee5e8da","T3692-S0001","common"
"ЗАО ""ГлобалЕвроГрупп""","192686801","a76553e0","T5753-S0001","common"
"ЗАО ""ГлубокоеБиоПродукт""","391000431","c86d7338","T2763-S0001","common"
"ЗАО ""ГлубокоеБиоТопливо""","391055723","bf96806e","T2949-S0001","common"
"ЗАО ""Голден Рейшио Софтвеар""","192466105","b559c770","T5184-S0001","common"
"ЗАО ""ГОЛОГРАФИЧЕСКАЯ ИНДУСТРИЯ""","101482057","86543536","T5606-S0001","common"
"ЗАО ""ГомельавтоГАЗ""","491337008","6b2ba934","T6388-S0001","common"
"ЗАО ""Гомельский ВСЗ""","400069471","17bf30e5","T3930-S0001","common"
"ЗАО ""Гомельский региональный депозитарный центр""","400516455","07523b74","T4380-S0007","common"
"ЗАО ""Гомельское региональное агентство экономического развития""","400459920","4fc20cef","T6013-S0001","common"
"ЗАО ""Гомельстройтехника""","491054991","c1f44767","-S0001","common"
"ЗАО ""Гомельхимзащита""","491334208","ef849e6a","T6370-S0001","common"
"ЗАО ""Горэнерго""","192634072","e461a4d7","T5474-S0001","common"
"ЗАО ""Гостиница ""Буг-Сервис""","291080904","6ab423da","T4114-S0001","common"
"ЗАО ""Гостиничный комплекс ""Припять""","200209637","3d1ba08c","T1022-S0002","common"
"ЗАО ""ГОТЭМ""","391565577","5877c4fc","T6308-S0001","common"
"ЗАО ""ГРАВЕР""","101291327","57bc0876","T5937-S0001","common"
"ЗАО ""ГРАНАРС""","100984458","a6883ad3","T5773-S0003","common"
"ЗАО ""Грин Биогаз""","690664802","9dd33ab7","T5755-S0001","common"
"ЗАО ""ГРИНСАЙТ""","500044990","46b68fae","T2336-S0001","common"
"ЗАО ""Гринэйр""","391195435","1405a3bf","T5395-S0001","common"
"ЗАО ""ГродноТоргСервис""","500038369","65a8d8cd","T2470-S0001","common"
"ЗАО ""ГСАФ""","400022998","6736a0df","T5638-S0001","common"
"ЗАО ""ГСКБ КЭО""","491318889","567d1b64","T5250-S0001","common"
"ЗАО ""Гсмторгсервис""","191851412","e8323d67","T4523-S0001","common"
"ЗАО ""Гудевичи""","500126053","4c16ea16","T4935-S0003","common"
"ЗАО ""ГУДЛОН""","190555695","bda9b33d","T6036-S0001","common"
"ЗАО ""ДГ-Центр""","690557618","5c3c6481","T4868-S0001","common"
"ЗАО ""Делай Дело""","691784972","17287646","T5175-S0001","common"
"ЗАО ""ДЕЛСАР""","101199879","4bf80c4c","T4855-S0001","common"
"ЗАО ""ДЕЛЮР""","100436518","6aa9d484","T5972-S0001","common"
"ЗАО ""Державаинвест""","190285717","baf78d9c","T0824-S0001","common"
"ЗАО ""ДЕСТБЕЛ""","101478806","33d52120","T4871-S0003","common"
"ЗАО ""ДЕТСКАЯ ОПТИКА""","100719336","5ca80d48","T5737-S0001","common"
"ЗАО ""Детский клуб ""Маячок""","192484943","ff951312","T5219-S0001","common"
"ЗАО ""ДживаФарм""","192381617","557ba583","T5082-S0001","common"
"ЗАО ""Дзержинский мясокомбинат""","691601588","c8f43a2f","T4606-S0001","common"
"ЗАО ""Дзержинский мясокомбинат""","691601588","ea3ac2ed","T4606-S0002P","preferred"
"ЗАО ""Диалог-Про""","300237332","5d913dcd","T3955-S0003","common"
"ЗАО ""ДиаМант сити""","690667883","29190f3d","T6078-S0001","common"
"ЗАО ""ДИАРКЛАСС""","690363774","6dcbe69d","T6280-S0001","common"
"ЗАО ""Диджитрейдбел""","491308330","abbd0617","T5231-S0001","common"
"ЗАО ""ДКД Инком""","193153651","f17d575e","T6561-S0001","common"
"ЗАО ""ДЛМ""","100792351","dc0191d8","T5899-S0001","common"
"ЗАО ""Днепровская текстильная фабрика""","100081554","a245d41e","T4631-S0001","common"
"ЗАО ""Днепро-Двинское""","300237026","1e7f3cd5","T6366-S0001","common"
"ЗАО ""Днепрстройпроект""","490711105","c9a56446","T3964-S0001","common"
"ЗАО ""ДНС Техно""","192045463","f5bcc6fa","T5876-S0001","common"
"ЗАО ""Доброном""","191178504","d2f08db6","T3895-S0001","common"
"ЗАО ""Доброном""","191178504","cf72336a","T3895-S0002P","preferred"
"ЗАО ""Добрый Дом""","500525630","b0ff6a59","T3972-S0001","common"
"ЗАО ""Довайна""","193228400","33fd2112","T6324-S0001","common"
"ЗАО ""ДОЛЯ""","100058581","b0a0bb5c","T2802-S0003","common"
"ЗАО ""ДоМ-ВЕТРАЗЬ""","691298400","92e7bbc7","T6268-S0001","common"
"ЗАО ""ДОМ ТОРГОВЛИ РАМОНАК""","100665084","5cc2b996","T5431-S0001","common"
"ЗАО ""ДОПОГ-СЕРВИС""","190893719","88d42489","T5863-S0001","common"
"ЗАО ""ДОР-МПЗ""","190507793","b9a1ff4a","T5985-S0001","common"
"ЗАО ""Друг-Стайл""","192580729","13a99453","T5402-S0001","common"
"ЗАО ""ДС ПМК-4""","100159979","c9e7f742","T5653-S0001","common"
"ЗАО ""ДСПМК-93"" г.Заславль","600012894","48e75828","T3994-S0001","common"
"ЗАО ""Дубровка""","300352248","941fd5fd","T3772-S0001","common"
"ЗАО ""Дукорский маёнтак""","691075981","c07bb920","T4656-S0001","common"
"ЗАО ""ДФЗ""","400003551","20a84a85","T2759-S0006","common"
"ЗАО ""ДЦ АвтоГАЗ Колядичи""","101161433","e0c6ab46","T2523-S0001","common"
"ЗАО ""ДЦ Столичный НЭКСТ""","192745992","ae19276d","T5849-S0001","common"
"ЗАО ""ДЭЛФИИМПЭКС"" Минский район","101002581","1670bc51","T6077-S0003","common"
"ЗАО ""Евразийский железнодорожный гейтвэй""","691701292","d85286fb","-S0001","common"
"ЗАО ""Евроопт""","100957635","1355846c","T3473-S0001","common"
"ЗАО ""ЕВРОСОТ""","101205724","f6618e90","T5563-S0001","common"
"ЗАО ""Евросот-Сервис""","800017115","803b5e5a","T5827-S0001","common"
"ЗАО ""Евроталер""","190997431","b228550e","T5384-S0001","common"
"ЗАО ""ЕВРОЭКОСЕРВИС""","808000280","21185a3e","T2621-S0001","common"
"ЗАО ""Живой Хлеб""","692078814","edbd1d7a","T6218-S0001","common"
"ЗАО ""ЖИЛИХОВО""","600018517","93fdcb42","T3787-S0001","common"
"ЗАО ""ЖИЛСТРОЙАВТОМАТИКА""","190212769","df1dee19","T5318-S0001","common"
"ЗАО ""Житница""","390063860","011eead6","T5557-S0001","common"
"ЗАО ""Завод Белмединструменты""","291235525","03338536","T5119-S0001","common"
"ЗАО ""Завод добавок и смазок ""ФРЭЙМ""","691423315","38ec5c9b","T4406-S0001","common"
"ЗАО ""Завод Комплектующих Деталей""","690743902","3c666946","T3899-S0001","common"
"ЗАО ""Завод медицинских изделий Белполимед""","291241894","fb4aa664","T6334-S0001","common"
"ЗАО ""Завод нефтехимического оборудования""","691783524","5d11ff9d","T5174-S0001","common"
"ЗАО ""Завод Пиляко""","691834818","ff6b022b","T6038-S0001","common"
"ЗАО ""Завод полимерных труб""","700360916","cfd514fc","ZPT-S0001","common"
"ЗАО ""Завод полимерных труб""","700360916","b2b071d3","ZPT-S0002P","preferred"
"ЗАО ""ЗАВОД ПРОМСТРОЙИНДУСТРИЯ""","100120963","66d7cee8","T3722-S0003","common"
"ЗАО ""ЗАВОД СПЕЦАВТОМАТИКА""","100016872","14397918","T2236-S0001","common"
"ЗАО ""Завод Флометр""","690506390","c1dddaca","T6033-S0001","common"
"ЗАО ""Завод химических изделий""","400030027","be49eaf3","T5549-S0001","common"
"ЗАО ""Заднепровский Биогаз""","812003710","730d9db2","T4556-S0001","common"
"ЗАО ""ЗападГАЗавтосервис""","290491749","b577700f","T4303-S0001","common"
"ЗАО ""Западпромстрой""","690586951","d6964f6b","T6386-S0001","common"
"ЗАО ""ЗВО""","691357099","8ee51c86","T4291-S0001","common"
"ЗАО ""Зернохимпродукт"" г. Ивье","500452090","662d7a25","T5565-S0001","common"
"ЗАО ""ЗИКО""","200307946","1bc029d5","T5693-S0001","common"
"ЗАО ""ЗОВ-промсистемы""","590831261","ea574cd3","T4227-S0001","common"
"ЗАО ""ЗОВ ЭНЕРГО""","591000207","4fad86a5","T3878-S0001","common"
"ЗАО ""ЗФБ""","200422609","d3eca430","T4162-S0003","common"
"ЗАО ""ИВАЛси""","191021878","a66b99ae","T6199-S0001","common"
"ЗАО ""ИВ-Инвест""","190523352","eb8a4a0d","T3797-S0001","common"
"ЗАО ""Ивушка"" г.Солигорск","600175011","12e9286c","T5657-S0001","common"
"ЗАО ""ИК дизайн центр МСК""","191434403","bf2e63d7","T3089-S0001","common"
"ЗАО ""Империя Дождя""","191065551","ea92a175","T4180-S0001","common"
"ЗАО ""ИнвестБаланс""","191770389","3814b38b","T4392-S0001","common"
"ЗАО ""ИНВЕСТИЦИОННАЯ КОМПАНИЯ ЮНИТЕР""","190460276","275a6088","T2667-S0001","common"
"ЗАО ""Инвестиционное финансирование""","192572518","262780a2","T5320-S0001","common"
"ЗАО ""Инволюкс""","200644726","387a7095","T6003-S0001","common"
"ЗАО ""ИнГидроБел""","691736815","18e950e3","T6456-S0001","common"
"ЗАО ""ИНДЕЛКО""","100456657","cdd5da86","T2551-S0001","common"
"ЗАО ""ИНДИ-7""","101232999","39d22a91","T2956-S0001","common"
"ЗАО ""Инженерно-экологический центр ""БЕЛИНЭКОМП""","300043792","b2eb5505","T5086-S0001","common"
"ЗАО ""ИнК ""БелАСКО-Инвест""","400260169","c5b8ee09","T4741-S0001","common"
"ЗАО ""Инновационная пружина""","691419059","e85a821b","T4129-S0001","common"
"ЗАО ""ИНПАС""","100644929","ef5670d5","T5621-S0001","common"
"ЗАО ""ИНСЕРВИССТРОЙ""","101225557","9fe5e186","T2856-S0001","common"
"ЗАО ""Институт ""Гомельпроект""","400071112","7993c2a7","T1351-S0001","common"
"ЗАО ""Институт информационных, инновационных, инвестиционных технологий""","191084865","64beb24d","T4894-S0001","common"
"ЗАО ""ИНСТИТУТ ИНФОРМАЦИОННЫХ ТЕХНОЛОГИЙ""","100003325","60d72a46","T4642-S0001","common"
"ЗАО ""ИНСТРУМЕНТАЛЬНЫЕ ТЕХНОЛОГИИ""","101269853","5dc8033d","T4191-S0001","common"
"ЗАО ""Инструменткомплект М""","790362442","e84ebeb4","T5139-S0001","common"
"ЗАО ""ИНТЕГРАФАРМ""","691778830","b40e9f3a","T5049-S0001","common"
"ЗАО ""Интеллектуальные системы""","100211499","44bcdf73","T2690-S0001","common"
"ЗАО ""ИнтерАвтоТех""","191164706","b61a917f","T6526-S0001","common"
"ЗАО ""ИНТЕРАКТИВГРУПП""","101424776","448d821d","T6262-S0001","common"
"ЗАО ""ИНТЕРБИЗНЕСЦЕНТР""","190326123","c7e7d3e1","T6359-S0001","common"
"ЗАО ""Интербудсервис""","200404424","0cf9c95a","T5526-S0001","common"
"ЗАО ""Интернет-магазин Евроопт""","691536217","8af50354","T4465-S0001","common"
"ЗАО ""Интернет-магазин Евроопт""","691536217","cb6a5411","T4465-S0002P","preferred"
"ЗАО ""ИНТЕРПАРТНЕР""","100199644","0de94955","T2797-S0001","common"
"ЗАО ""ИНТЕРТЕХСЕРВИС""","101146921","6d377c34","T5781-S0001","common"
"ЗАО ""Интерхим групп""","190681407","d0de2f61","T5463-S0001","common"
"ЗАО ""ИНФО-МАРКЕТ""","100118365","b67c1f52","T5928-S0001","common"
"ЗАО ""Инфопарк-проект""","190951913","a3223a95","T5837-S0001","common"
"ЗАО ""Информационные технологии и телекоммуникации""","190755099","ceb1d8b8","T5594-S0001","common"
"ЗАО ""ИПЛ Карго""","391710112","551e46e2","T5107-S0001","common"
"ЗАО ""Иппокрена""","100089422","d01410d4","T5987-S0001","common"
"ЗАО ""ИРМАСТ""","100079566","28ba1946","T6161-S0001","common"
"ЗАО ""ИСКАМЕДТЕХ""","100991302","ef763351","T5229-S0001","common"
"ЗАО ""ИСЭЛ""","100758669","b97a954b","T5943-S0003","common"
"ЗАО ""ИТРАНЗИШЭН""","190654745","cb8c712f","T4035-S0003","common"
"ЗАО ""Кабыловка Биогаз""","690662468","bec3c621","T5295-S0001","common"
"ЗАО ""КАДМ ПЛЮС""","690713552","84ebbd3f","T6035-S0001","common"
"ЗАО ""КАЗИУС Эквити Партнерс""","193278956","1bccb086","T6387-S0001","common"
"ЗАО ""КАЛИНКА"" г. Солигорска","600024620","c526e2db","T3845-S0001","common"
"ЗАО ""КАМЕНА""","101442644","4e23e7f5","T3239-S0001","common"
"ЗАО ""Канков""","192957071","cb97b0a9","T6089-S0001","common"
"ЗАО ""Капитал-актив""","400435921","5604f082","T3000-S0004","common"
"ЗАО ""Карго Майл""","193287341","2f2329cf","T6378-S0001","common"
"ЗАО ""КАРТОЧКИ, СИСТЕМЫ, ТЕХНОЛОГИИ""","101254691","44d3e0a8","T6369-S0001","common"
"ЗАО ""Каскад"" г.Лида","500044669","8bfb6a32","T2873-S0003","common"
"ЗАО ""Каскад Групп""","690631652","e98b2210","T4619-S0001","common"
"ЗАО ""КАТЭК""","808001233","d0baf7c7","T2000-S0001","common"
"ЗАО ""Квадратум Дев""","191751948","81ab6823","T4190-S0001","common"
"ЗАО ""КВИП""","100146169","e8a13863","T5940-S0001","common"
"ЗАО ""КДТ-центр""","691141003","47c7daad","T6203-S0001","common"
"ЗАО ""КИМ""","400062410","d1f305c1","T5607-S0001","common"
"ЗАО ""Кинэрго""","191560608","b298f8cf","T5298-S0001","common"
"ЗАО ""КиС""","300299762","a4a50990","T5521-S0001","common"
"ЗАО ""КЛЕВИЦА""","690022442","e38130c9","T5556-S0001","common"
"ЗАО ""Клин Групп""","191269969","0cd16d93","T3924-S0001","common"
"ЗАО ""КобринИнвест""","291391143","6c3aee4f","T5380-S0001","common"
"ЗАО ""Кобрин-Лада""","200295799","36a18583","T6310-S0003","common"
"ЗАО ""КОБРИНСКАЯ ПТИЦЕФАБРИКА РАДУЖНАЯ""","291581114","1ed2eb50","T6290-S0001","common"
"ЗАО ""КобринФэшн""","291532706","ba4a756f","T6223-S0001","common"
"ЗАО ""КОМВАК""","100031805","a5732f6e","T5440-S0001","common"
"ЗАО ""КОМКОН""","100051653","6e75f228","T6072-S0001","common"
"ЗАО ""Коммунэнерго""","101155769","7f680cd3","T6080-S0001","common"
"ЗАО ""Компания ""Интерфарм""","300000556","a1ce6ae5","T2781-S0001","common"
"ЗАО ""КОМПАНИЯ МАСТЕРПАК""","190580170","b241c139","T5652-S0001","common"
"ЗАО ""Компания по эксплуатации собственности""","192208785","9e98e712","T4842-S0001","common"
"ЗАО ""КОМПАНИЯ РЯД""","190662785","61de54ad","T5445-S0001","common"
"ЗАО ""Компания элитных спортивных товаров""","490682497","425705de","T6010-S0001","common"
"ЗАО ""КОМПЛЕКССНАБ""","101268382","dd670ae7","T4294-S0001","common"
"ЗАО ""Компрессороремонтный завод""","790030292","5f2866b9","T5688-S0001","common"
"ЗАО ""КОНСТРУКТОРСКОЕ БЮРО ""ПРИБОР""","100100852","cbc2db9e","T5611-S0001","common"
"ЗАО ""Консул""","200534611","2e2c86e7","T4206-S0001","common"
"ЗАО ""КОНФИДО""","100698290","af4b2155","T5640-S0001","common"
"ЗАО ""КОПЫЛЬ ПЕЛЛЕТС""","691317313","7b80f561","T4207-S0001","common"
"ЗАО ""Корп КМТ""","193219709","aac4a1a8","T6336-S0001","common"
"ЗАО ""КОРЭКС""","100173165","f7593242","T5125-S0001","common"
"ЗАО ""КПВС ПЛЮС""","192472579","a9b5a392","T5198-S0001","common"
"ЗАО ""КРАСЛИГ""","100079844","a434ad49","T5691-S0001","common"
"ЗАО ""КреативСпецТорг""","190781124","7c7586f0","T5473-S0001","common"
"ЗАО ""Крисмас""","100036769","8719421b","T6167-S0001","common"
"ЗАО ""КРИТЕРИЙ""","100082668","4c07100a","T4072-S0001","common"
"ЗАО ""КРОМИКА""","193436283","9f2d8e74","T6518-S0001","common"
"ЗАО ""Кронекс инвестмент""","192528453","76808926","T6259-S0001","common"
"ЗАО ""КСКпромонтаж""","591000197","c3887bc3","T4147-S0001","common"
"ЗАО ""КСР-СОФТ""","191441924","420a0ce8","T3635-S0001","common"
"ЗАО ""Кузовной Стандарт""","191670342","6581ca74","T3935-S0001","common"
"ЗАО ""Кьюликс Системс""","190841612","192e95e6","T2820-S0001","common"
"ЗАО ""КЬЮЭФАЙ БЕЛ""","193434650","eb5eb6f5","T6521-S0001","common"
"ЗАО ""КЭМПИ""","600450635","0300216e","T5590-S0001","common"
"ЗАО ""КЭС-ГРУПП""","192173114","6456fd70","T4728-S0001","common"
"ЗАО ""ЛадаЭко""","192255438","50436a47","T4936-S0001","common"
"ЗАО ""ЛАЗЕРНЫЕ ШОУ-СИСТЕМЫ""","101256268","d40d1935","T6197-S0001","common"
"ЗАО ""Лак и Мастер""","191670355","1a43432a","T3933-S0001","common"
"ЗАО ""Лаки Стрит""","193128793","61026173","T6252-S0001","common"
"ЗАО ""ЛАКОМКА""","100195516","5d178054","T4995-S0001","common"
"ЗАО ""Ланбай""","193075665","8f48ceb0","T6553-S0001","common"
"ЗАО ""Лантрейдинг Плюс""","190970247","b913c97f","T6563-S0001","common"
"ЗАО ""ЛаргоГрупп""","191429485","e2162c2a","T6571-S0001","common"
"ЗАО ""ЛДВУД""","391511876","ab551884","-S0001","common"
"ЗАО ""Легированная сталь""","192429903","82ee77de","T5150-S0001","common"
"ЗАО ""Легпромразвитие""","700056270","8f1efde1","T3258-S0001","common"
"ЗАО ""ЛЕКТ""","100620641","5d5a3e32","T5766-S0001","common"
"ЗАО ЛЗМП","200057752","ca603ae1","T5515-S0001","common"
"ЗАО ""Ливсор""","190747181","4b406da3","T5694-S0001","common"
"ЗАО ""Лидаагроком""","590588761","84d8aa84","-S0001","common"
"ЗАО ""ЛИДЕРИНВЕСТ""","190304686","4beea3df","T3138-S0001","common"
"ЗАО ""Лидер-Монтаж""","191012673","0d1b4941","T6255-S0001","common"
"ЗАО ""Л-Класс Норд""","390417749","adbb1926","T5080-S0001","common"
"ЗАО ""ЛМЗТ-Сервис""","192346956","65279b12","T4982-S0001","common"
"ЗАО ""ЛОГИСМА""","193291822","cd652ad1","T6389-S0001","common"
"ЗАО ""ЛОГОЙСКИЙ ТРАКТ""","100220042","7e959aac","T5796-S0001","common"
"ЗАО ""ЛойерКонсалт""","192638210","b940dbef","T5457-S0001","common"
"ЗАО ""Лоял Логистик""","691759157","c86c224f","T4866-S0001","common"
"ЗАО ""Лунинецремстрой""","200106829","87941926","T0959-S0001","common"
"ЗАО ""ЛХтрейд""","191767708","5094c6e4","T4365-S0001","common"
"ЗАО ""Мавитэс""","691582647","9cb62b10","T4581-S0001","common"
"ЗАО ""МАГАЗИН ЛЯНОК""","100299798","97165090","T6156-S0001","common"
"ЗАО ""Магазин ""Товары для дома""","200287228","fbaa716b","T4849-S0001","common"
"ЗАО ""МАГИЯ ТРИКОТАЖА""","101340355","22dd5bd5","T6002-S0004","common"
"ЗАО ""Маледис Транс""","193208555","584307be","T6306-S0001","common"
"ЗАО ""Мальва-проспект""","192177929","ae2712b0","T4782-S0001","common"
"ЗАО ""МАП ЗАО"" Минский район","600044785","0ca53bd6","T4557-S0001","common"
"ЗАО ""МАП ИНФО""","690023252","8f62a7d8","T5240-S0001","common"
"ЗАО ""МАПСОФТ""","690023265","96651620","T4718-S0001","common"
"ЗАО ""МАРА-ЛЕН""","600197046","cece15f2","T5820-S0001","common"
"ЗАО ""Марс""","300046260","9a1baa3b","T5087-S0001","common"
"ЗАО ""МАРТ"", г.Жодино","600040736","7e050b83","T5710-S0001","common"
"ЗАО ""МАСЛОРА""","192826061","f820aaaf","-S0001","common"
"ЗАО ""МастерАудит и Консультации""","191373133","00b7abe4","T5165-S0001","common"
"ЗАО ""Мастер Эконом""","692155475","590ef7f8","T6535-S0001","common"
"ЗАО ""МАСЮКОВЩИНА""","100436347","3bb8dc64","T5484-S0001","common"
"ЗАО ""Матвей""","100011791","f824152f","T5684-S0001","common"
"ЗАО ""МАШАГРОПРОМ""","101158344","89e01533","T5678-S0001","common"
"ЗАО ""Машины и оборудование""","391301115","53ebfce0","T5109-S0001","common"
"ЗАО ""Маяк Гомеля""","491316355","d3473f70","T5123-S0001","common"
"ЗАО ""МВВ-Трейд""","190910685","c585dfcb","T2642-S0001","common"
"ЗАО ""МВЗ Инжиниринг""","191118332","d283a583","T4814-S0001","common"
"ЗАО ""МВЗ Про""","790387172","c8567466","T2572-S0001","common"
"ЗАО ""М Джи Компани""","400461217","11dc26e7","T5555-S0001","common"
"ЗАО ""МДСВ""","590661876","714e5c86","T3622-S0001","common"
"ЗАО ""МЕБЕЛЬ, СТРОЙМАТЕРИАЛЫ""","100230641","eda7057d","T3689-S0001","common"
"ЗАО ""МЕБИУС-К""","190712383","03afaf33","T5840-S0003","common"
"ЗАО ""Мегадом""","490314978","9e1de49c","T4698-S0001","common"
"ЗАО ""МегаСлавинвест""","490680346","45c4999c","T2972-S0001","common"
"ЗАО ""МегаСтройПодряд""","193144403","b99dc34d","T6435-S0001","common"
"ЗАО ""МедиаИзмеритель""","193429066","884fbbe3","T6512-S0001","common"
"ЗАО ""МедиаСоюз""","191214332","50c4b5ae","T4484-S0001","common"
"ЗАО ""Медицинская диагностика""","691151352","a1451249","T2530-S0001","common"
"ЗАО ""МЕДИЦИНСКИЕ ПРИБОРЫ""","600505023","0809388d","T4410-S0001","common"
"ЗАО ""Медицинское предприятие Симург""","300046934","bd1542ae","T6273-S0001","common"
"ЗАО ""Международный деловой альянс""","100347684","da4103b6","-S0003","common"
"ЗАО ""МераГолд""","490856273","d868360b","T5304-S0001","common"
"ЗАО ""МЕРИДИАН""","100178126","fca01bb4","T2555-S0001","common"
"ЗАО ""Металлпрофпереработка""","490904251","550817ca","T4045-S0001","common"
"ЗАО ""МетрумИнвест Плюс""","193208330","51386b9b","T6302-S0001","common"
"ЗАО ""Мехатроника""","691174462","6531fdf8","T4672-S0001","common"
"ЗАО ""МЗБН""","100262573","1abcc090","T3005-S0001","common"
"ЗАО ""Миг-Меркурий""","400086846","76e61025","T5608-S0001","common"
"ЗАО ""Микросэнерго""","691363557","db2bc582","T5442-S0001","common"
"ЗАО ""МИНСКИЙ ДОМ""","100073011","e7537139","T5656-S0001","common"
"ЗАО ""МИНСКИЙ ЗАВОД ВИНОГРАДНЫХ ВИН""","190130976","4a271b06","T3013-S0001","common"
"ЗАО ""МИНСКИЙ ЗАВОД ВИНОГРАДНЫХ ВИН""","190130976","0df72b97","T3013-S0002P","preferred"
"ЗАО ""МИНСКИЙ ИНСТРУМЕНТАЛЬНЫЙ ЗАВОД""","100287101","efa2ffc3","T6041-S0001","common"
"ЗАО ""МИНСКТЕРМОИЗОЛЯЦИЯ""","100067931","5a088079","T2944-S0001","common"
"ЗАО ""МИНСКЭКСПО""","100094846","c5530451","T3973-S0001","common"
"ЗАО ""МиРаДост""","192039296","93ba7c45","T4678-S0001","common"
"ЗАО ""Мир Биогаз""","690664723","f465d85a","T5761-S0001","common"
"ЗАО ""МИР ТЕХНОЛОГИЙ""","101340342","c278d521","T5591-S0001","common"
"ЗАО ""МИСОИНЖЕНЕРИНГ""","101205382","78622387","T5548-S0001","common"
"ЗАО ""МИСОФТ НВП""","100953203","c1a40509","T5649-S0001","common"
"ЗАО ""МИХАЭЛЛА""","101188842","c60092c6","T4505-S0001","common"
"ЗАО ""МНБ капитал групп""","291404340","7d1efbbc","T5276-S0001","common"
"ЗАО ""Могилевский КСИ""","700008113","d3293787","T4507-S0001","common"
"ЗАО ""МОДИС-М""","100165842","1237aa1f","T2821-S0001","common"
"ЗАО ""Модус Проджектс""","690657363","31f37b0d","T4506-S0001","common"
"ЗАО ""МОЛОДЕЧНОМЕБЕЛЬ""","600203065","aa77d81e","T2751-S0001","common"
"ЗАО ""МОНТАЖСПЕЦКОМПЛЕКТ""","100020493","f3b8d8b4","T0301-S0002","common"
"ЗАО ""МОРТЕКС БЦЗ""","101186296","a96e9242","T2965-S0001","common"
"ЗАО ""МСП Технолоджи Центр""","190605569","d1d3a36a","T5802-S0001","common"
"ЗАО ""МСУ N217""","100262494","b1b84f18","T4151-S0001","common"
"ЗАО ""МТБанк""","100394906","5c31728f","MTBB-S0001","common"
"ЗАО ""МТФорекс""","191300397","883e57f3","T2732-S0001","common"
"ЗАО ""Мудрый зуб""","591036387","a4b9cc58","T6569-S0001","common"
"ЗАО ""М-Факториал""","190681078","7dba4e79","T4673-S0001","common"
"ЗАО ""Мюсли Лэнд""","192958741","aa5a5acb","-S0001","common"
"ЗАО ""Мясо-молочная компания""","191112931","09894cf4","T5500-S0001","common"
"ЗАО ""Надёжные оконные системы""","691593050","982dbc50","T6276-S0001","common"
"ЗАО ""Научно-производственная компания ""Нефтеспецсервис""","490865452","85624018","T3874-S0001","common"
"ЗАО ""НАУЧСОФТ""","101132899","efc8ae77","T5137-S0003","common"
"ЗАО ""НАША ПОЧТА""","192427530","30f43079","T5138-S0001","common"
"ЗАО ""Недраинвест""","100670071","8e1f2af1","T3896-S0001","common"
"ЗАО ""Нектар""","500030406","37bf05e5","T5976-S0003","common"
"ЗАО ""Нео Банк Азия""","807000071","df14f84a","Neo-S0001","common"
"ЗАО ""НеоПарк""","191438026","6f5d9cce","T3137-S0001","common"
"ЗАО ""НЕСВИЖСКОЕ АГРОПРОМЭНЕРГО""","600031399","daf1b757","T5791-S0001","common"
"ЗАО ""Нестерка""","200201848","241ff8ad","T1020-S0001","common"
"ЗАО ""Нефтегазсистема""","400287578","f6511aaa","T4338-S0001","common"
"ЗАО ""НИВА""","700210620","af446b95","T4460-S0002","common"
"ЗАО ""НИВА""","700210620","515d6955","T4460-S0003P","preferred"
"ЗАО ""Нилспром""","192235661","752aa6df","T5097-S0001","common"
"ЗАО ""ННК""","193402282","aebaaef5","T6472-S0001","common"
"ЗАО ""Нова-Колор""","690392520","02418ec4","T5183-S0001","common"
"ЗАО ""Новатех Системы Безопасности""","190543080","58f84263","T2675-S0001","common"
"ЗАО ""Новая веска""","600047623","3cbfab76","T4974-S0001","common"
"ЗАО ""Новое стекло""","101180535","1c3f8dcd","T2260-S0002","common"
"ЗАО ""НОВОИНТЕХ""","193417549","9978baa3","T6505-S0001","common"
"ЗАО ""НОМАРИ ЛЕРНИНГ""","193222285","9056523d","T6368-S0001","common"
"ЗАО ""НОМАРИ ПРОДАКШН""","192705530","cda26bc2","T6367-S0001","common"
"ЗАО ""Нордлис""","101201387","9a3dc57b","T5254-S0003","common"
"ЗАО ""Нотамедиа групп""","193231211","e53c8fe6","T6360-S0001","common"
"ЗАО ""НПК""","101148434","11dac4e2","T6071-S0001","common"
"ЗАО ""НПМЕД""","391780674","bacbf32e","-S0001","common"
"ЗАО НПО ""Вектор""","500043596","74eeb599","T5489-S0001","common"
"ЗАО ""НПП РЕГУЛА""","190133299","dcfdfaf1","T3707-S0001","common"
"ЗАО НПЦ ""Белсистемтехнологии""","300272935","c2a0f025","T5533-S0001","common"
"ЗАО ""НПЦ ЭКСАН-М""","190410052","0ed5f62a","T4793-S0001","common"
"ЗАО ""НТЦ КОНТАКТ""","100037461","0ff2115d","T5411-S0001","common"
"ЗАО ""Нумибус""","790782052","8f6d8e55","T4618-S0001","common"
"ЗАО ""Облрапсагросервис""","691151549","33d05aa9","T2676-S0001","common"
"ЗАО ""Облсемсервис""","191096022","d76038ab","T5169-S0001","common"
"ЗАО ""Объединенная аптечная сеть""","191187699","2461deea","T4192-S0001","common"
"ЗАО ""ОБЪЕДИНЕННАЯ СВАРОЧНАЯ КОМПАНИЯ""","190546355","9cfa7679","T4496-S0001","common"
"ЗАО ""ОБЪЕДИНЕННЫЕ ТЕХНОЛОГИИ""","100843354","43d68b28","T6141-S0003","common"
"ЗАО ""ОЕМ Групп""","192319245","7a9d4b57","T4979-S0001","common"
"ЗАО ""ОЕМ Оригинальные Компоненты""","192535987","14d614a8","T5280-S0001","common"
"ЗАО ""ОЗТМ""","791053861","6bfbdc5a","T5929-S0001","common"
"ЗАО ""ОКСНА""","500085925","b0a56de1","T4686-S0001","common"
"ЗАО ""ОКТА""","600194090","e08c1d0e","T5998-S0001","common"
"ЗАО ""ОКТАН"", г.Солигорск","600413106","bdf4dc7b","T5562-S0001","common"
"ЗАО ""ОктябрьГАЗавтосервис""","400237908","ec0292ef","T5707-S0001","common"
"ЗАО ""ОПИКА""","600199222","580b519e","T5633-S0001","common"
"ЗАО ОПТФ ""Світанак""","300051628","10bb358d","T3810-S0001","common"
"ЗАО ""Органик фарминг Бел""","490986907","de4e2ca9","T6534-S0001","common"
"ЗАО ""ОРГСТРОЙ""","100029434","b0a8d152","T0645-S0001","common"
"ЗАО ""ОРЕЙТОН""","100232261","edfdad23","T9170-S0001","common"
"ЗАО ""Оршанский Дом торговли""","300053500","fff8febe","T5461-S0001","common"
"ЗАО ""Особый труд""","490565469","e8b1c754","T5997-S0001","common"
"ЗАО ""ОСРК""","191362097","a72eab69","T3100-S0001","common"
"ЗАО ""Остхим""","690635091","ae7a2eea","T5120-S0001","common"
"ЗАО ""Отделочник-198"" г. Молодечно","600205188","8500f365","T1777-S0002","common"
"ЗАО ""ОФИСНЫЕ ТЕХНОЛОГИИ""","100958353","9c373eda","T5495-S0001","common"
"ЗАО ""Офис Рент""","190656299","8373f4dc","T3036-S0001","common"
"ЗАО ""ОФИСЦЕНТРПЛЮС""","190496680","0a03d20f","T6067-S0001","common"
"ЗАО ""ОФФИЦИНА""","100512846","4f59ca2f","T5510-S0001","common"
"ЗАО ""ПАН МАРКЕТ""","690356649","edb1ee57","T5435-S0001","common"
"ЗАО ""ПАРАД""","100926738","34d7b77e","T5966-S0001","common"
"ЗАО ""Парохонское Биогаз""","690658211","5247557f","T5296-S0001","common"
"ЗАО ""Партнер и К""","400292869","079280ab","T5102-S0006","common"
"ЗАО ""ПАТИО""","100183195","c2206b0c","T5088-S0001","common"
"ЗАО ""Пина-Лада""","200079825","5cd0922b","T2681-S0003","common"
"ЗАО ""Пинанасоспром""","291052133","0923a360","T4249-S0001","common"
"ЗАО ""ПинскГАЗавтосервис""","200351990","b0a12e57","T5881-S0001","common"
"ЗАО ""Пищевой комбинат ""Феникс""","192319656","7b4e6b8e","T4965-S0001","common"
"ЗАО ""ПЛАВАРБ""","101008033","4cecfbbf","T6207-S0001","common"
"ЗАО ""ПЛАНЕТА""","100089277","bed434f0","T4934-S0001","common"
"ЗАО ""ПМК-228""","600045687","9e3bf072","T6113-S0001","common"
"ЗАО ""ПМК-55""","691396416","f0b34f4a","T6531-S0001","common"
"ЗАО ""Пожарные системы""","191751379","d927ca20","T4172-S0001","common"
"ЗАО ""Пожтехкомплект""","790640718","44b3211f","T6037-S0001","common"
"ЗАО ""Пожтехника""","300376711","2133dbb3","T5690-S0005","common"
"ЗАО ""Пожтехника""","300376711","20941844","T5690-S0006P","preferred"
"ЗАО ""ПожЭнергоСервис""","490868954","15377b3b","T4159-S0001","common"
"ЗАО ""ПОЛИТОРГКОНСАЛТ""","690026080","592513e5","T5893-S0001","common"
"ЗАО ""Пол мира""","190774599","34d32afa","T4831-S0001","common"
"ЗАО ""ПоставыЭнерго""","300077459","00162ede","T4912-S0001","common"
"ЗАО ""ПОСТТОРГ""","100036531","dcc0864f","T0649-S0002","common"
"ЗАО ""ППСк""","700375006","902ffdd1","T2702-S0001","common"
"ЗАО ""ППТ ""Факел""","300029636","4d58169d","T5096-S0001","common"
"ЗАО ""ПРАЙМИНВЕСТ""","190157762","cebdc97f","T5189-S0001","common"
"ЗАО ""Прайминвест Плюс""","192501547","b393493f","T5237-S0001","common"
"ЗАО ""ПРЕМИЯАГРО""","101241501","13dc0f68","T5140-S0001","common"
"ЗАО ""Прогресс""","700044370","0e4559b5","T2783-S0001","common"
"ЗАО ""Прогрессэлектрострой""","191634417","3acccf82","T4310-S0001","common"
"ЗАО ""ПРОДВИЛЬНЮС""","100572293","862c4627","T5880-S0001","common"
"ЗАО ""ПРОДСЕРВИС""","100233717","b96da5ac","T3737-S0001","common"
"ЗАО ""Производственная Компания Эталон""","690274034","f36c8535","T5227-S0001","common"
"ЗАО ""Промвудэкспорт""","691618571","e9df4962","T5730-S0001","common"
"ЗАО ""ПРОМИД""","192672911","34808b32","T6042-S0001","common"
"ЗАО ""Проминвест""","200149894","06b55f4f","T5129-S0001","common"
"ЗАО ""Проммаш""","700364804","580f16e8","T5822-S0001","common"
"ЗАО ""ПромСегмент""","191147040","da285664","T2602-S0001","common"
"ЗАО ""Промснабсервис""","200167826","a89c09a6","T5631-S0001","common"
"ЗАО ""ПРОМСПЕЦМОНТАЖ""","190685285","91cea2d2","T4154-S0001","common"
"ЗАО ""Промтехноприбормонтаж""","691292734","32529fd9","T3064-S0001","common"
"ЗАО ""Промышленное Содружество""","191601121","400c33ef","T4149-S0001","common"
"ЗАО ""ПРОМЭНЕРГОМАШ""","101254676","8ce41f54","T5586-S0001","common"
"ЗАО ""Промэнергострой""","390184904","2c4a25f4","T6344-S0001","common"
"ЗАО ""ПРОМЭНЕРГОСТРОЙ""","100646299","268f1474","T5853-S0001","common"
"ЗАО ""ПроСветлВуд""","491268180","b526e81d","T6153-S0001","common"
"ЗАО ""Простор-Трейд""","191017264","ed096bd2","T5040-S0001","common"
"ЗАО ""ПРОФЕССИОНАЛЬНЫЕ СЕТЕВЫЕ СИСТЕМЫ""","190490917","083e34db","T5593-S0001","common"
"ЗАО ""Профессиональные управленческие решения""","692079798","9e0f7bb8","T6229-S0001","common"
"ЗАО ""ПС Автосервис Плюс""","193102684","28b532e2","T6228-S0001","common"
"ЗАО ""ПС-ЗАПЧАСТИ""","192408214","56eff310","T5104-S0001","common"
"ЗАО ""Птицефабрика ""Вишнёвка""","790118808","ac406aa3","T3856-S0001","common"
"ЗАО ""ПТИЧЬ""","600216847","810978c6","T5467-S0001","common"
"ЗАО ПТК ""Фаворит Д""","300326250","734431fd","T5101-S0001","common"
"ЗАО ""ПУХОВИЧСКИЙ АГРОПРОДУКТ""","600512317","0c70023c","T4548-S0001","common"
"ЗАО ""ПЯТЬ ОКЕАНОВ""","100644799","d1db6443","T5188-S0001","common"
"ЗАО ""Равиция""","192665602","f9792660","T5530-S0001","common"
"ЗАО ""РАЛИНТЕРСТРОЙ""","190617589","5f4cd7d2","T5208-S0001","common"
"ЗАО ""Раница-сервис""","600039772","be47a30b","T5711-S0001","common"
"ЗАО ""Рапсинторг""","591025350","a128e5f5","T6061-S0001","common"
"ЗАО ""Рапсовая компания""","291301504","e1817bd3","T5888-S0001","common"
"ЗАО ""Регион Био Девелопмент""","192019343","c2fbcd7b","T4706-S0001","common"
"ЗАО ""Редакция газеты ""Вечерний Гродно""","590000914","9832a939","T3154-S0001","common"
"ЗАО ""Редакция газеты ""Толока""","700007727","08622b4a","T5496-S0001","common"
"ЗАО ""Ремеза""","400046213","669a7615","T5567-S0001","common"
"ЗАО ""Ренвиа Биогаз""","690664777","9f0141b6","T5757-S0001","common"
"ЗАО ""Рентех""","691425083","7d8e70f1","T4521-S0001","common"
"ЗАО ""Речицкий завод полимерных труб""","490425200","f03c58b7","T5655-S0001","common"
"ЗАО ""РИГОНДА-КОММЕРС""","100071404","ae089db0","T3108-S0001","common"
"ЗАО ""Рикор""","300495796","33ae615e","T5112-S0001","common"
"ЗАО ""Ритейл Менеджмент""","693174653","8137909c","-S0001","common"
"ЗАО ""Ритейл Менеджмент ОС""","693174745","0b3a6b70","-S0001","common"
"ЗАО ""Ритейл Менеджмент ТВ""","693174758","a3f96f5d","-S0001","common"
"ЗАО ""РИТЭЙЛ КОНСАЛТ""","192244151","db8524b2","T4845-S0001","common"
"ЗАО ""РиэлтИстейт""","192052902","0d927f8e","T4664-S0001","common"
"ЗАО ""РМЗ ""МЕТРОМАШ""","100015784","4bfbfcf1","T3096-S0001","common"
"ЗАО ""РОВАЛЭНТСПЕЦМОНТАЖ""","190334916","937a5825","T4869-S0001","common"
"ЗАО ""Росаминотех""","192463320","b01f99e9","T5214-S0001","common"
"ЗАО ""Росдрагмет""","690570816","81280e7a","T2682-S0001","common"
"ЗАО ""РосМин""","191048225","88a4066c","T4473-S0001","common"
"ЗАО ""САВАНА-СПОРТ""","190346418","9c8ade97","T4857-S0001","common"
"ЗАО ""Савел-Групп""","690397706","2766a27a","T4634-S0001","common"
"ЗАО ""САГБЕЛ""","101129702","31ef1768","T4112-S0001","common"
"ЗАО ""САЛОН-ФАНТАЗИЯ""","100029355","430c3608","T5506-S0001","common"
"ЗАО ""Санвер""","491111074","5cbe7cd6","T5537-S0001","common"
"ЗАО ""САНДРИК""","100058288","efc2bb98","T5439-S0001","common"
"ЗАО ""Санитарная оборона""","692127919","1fa51d28","T6400-S0001","common"
"ЗАО ""САТУРН-1 г. Житковичи""","400044052","ad729877","T1306-S0001","common"
"ЗАО ""СБЛ-Лизинг""","100625018","6dd47bfe","T2913-S0001","common"
"ЗАО ""СВА-проект""","192467089","357a97b8","T5645-S0001","common"
"ЗАО ""Свинокомплекс ""Пуховичи""","691060592","6ec966fa","T2653-S0001","common"
"ЗАО ""СВЯЗКА ТЕХНОЛОГИЙ""","100811754","c4ebb8f9","T5523-S0001","common"
"ЗАО ""СД Девелопмент""","191087254","0b42e623","T4139-S0001","common"
"ЗАО ""СДЕЛАЙ САМ""","100364079","59acf927","T5177-S0004","common"
"ЗАО ""Северный Биогаз""","391003017","32bd28ff","T5297-S0001","common"
"ЗАО ""СеверстальБел""","101208338","4e56a8bc","T4141-S0001","common"
"ЗАО ""СЕВЗАПМОНТАЖАВТОМАТИКА""","100035905","5f79d744","T4117-S0002","common"
"ЗАО ""СЕВЗАПМОНТАЖАВТОМАТИКА""","100035905","66e7ef1c","T4117-S0003P","preferred"
"ЗАО ""Сезон охоты""","790490239","35f5ab83","T4319-S0001","common"
"ЗАО ""Секмес""","191922169","7082ad21","T4486-S0001","common"
"ЗАО ""СЕЛЕКТПРОМИНВЕСТ""","100839192","01ea1ce1","T6107-S0001","common"
"ЗАО ""Семейная стоматология ПЛАНТИС""","193403490","e4af6fac","T6473-S0001","common"
"ЗАО ""Сервер-Инвест""","490321360","d64d65b5","T5614-S0001","common"
"ЗАО ""Сервисзапчасть""","690580555","87c3a84b","T5983-S0001","common"
"ЗАО ""Сервисный центр ассоциации ""Гомельский собственник""","491329024","a515d923","T6102-S0001","common"
"ЗАО ""Сервисный центр ремонта медицинской техники""","191685200","77b6fdec","T4001-S0001","common"
"ЗАО ""Сервис тепло и хладооборудования""","191683249","efc44116","T3827-S0001","common"
"ЗАО ""Серволюкс Агро""","790863487","b6835303","T6096-S0001","common"
"ЗАО ""Серволюкс Технолоджис""","791233340","2ff06014","T6471-S0001","common"
"ЗАО ""Сильвер Технолоджи""","190638285","fa37d7f5","T5315-S0001","common"
"ЗАО ""Синерджи партнерс""","191440295","15a84687","T3480-S0001","common"
"ЗАО ""СИТБЕЛ""","100608743","b687d2a6","T4821-S0001","common"
"ЗАО ""СИФТРАНС ПЛЮС""","100424832","bcfc9bb5","T4293-S0001","common"
"ЗАО ""СИФУД-СЕРВИС""","190340662","9142703f","T6146-S0001","common"
"ЗАО ""СКАНВЕСТ""","100829693","c3eedc10","T5994-S0001","common"
"ЗАО ""Скарб""","390050816","52857034","T5218-S0001","common"
"ЗАО ""СК ""Белросстрах""","100782388","931dc4dc","T3666-S0005","common"
"ЗАО ""СКВИРЕЛ-СТРОЙ""","101132909","a0607132","T5559-S0001","common"
"ЗАО ""СК ""Евроинс""","100367422","66c4cf55","T2922-S0001","common"
"ЗАО ""СКИМЕН""","100800174","572a4dde","T6168-S0001","common"
"ЗАО ""СКОНТИ""","100181695","3b9ce809","T5226-S0001","common"
"ЗАО ""СКЭТМА""","190699001","287bf021","T2960-S0001","common"
"ЗАО ""Славинвестмонтаж""","490680359","e6f8c7ee","T2974-S0001","common"
"ЗАО ""Славянская технология""","400450339","8cec1123","T5626-S0001","common"
"ЗАО ""СЛИВКИ БАЙ""","100993744","858e32f6","T2624-S0001","common"
"ЗАО ""Слоновая кость""","291318618","78ba69c2","T4942-S0001","common"
"ЗАО ""СМАКОША""","591412839","191f4356","T4545-S0001","common"
"ЗАО ""Смолевичи Молоко""","690668083","9d6b3238","T6098-S0001","common"
"ЗАО ""СМУ-77""","100064641","369e5b20","T4246-S0001","common"
"ЗАО ""СМУ №7 г.Лида""","590062576","17b4b4a1","T2839-S0001","common"
"ЗАО ""Снежинка""","400071018","3f513663","T3725-S0001","common"
"ЗАО ""Совавто Инвест""","191445853","7146779c","T3674-S0001","common"
"ЗАО ""Совавто-Строй""","191638757","14a3c1d2","T4349-S0001","common"
"ЗАО ""Современные промышленные панели""","690673984","67171b90","T6377-S0001","common"
"ЗАО ""Современные Технологии Управления""","191029085","547b048d","T3559-S0001","common"
"ЗАО ""СОДАКО""","100130899","b3156497","T4592-S0001","common"
"ЗАО ""СОЛАРЛИЗИНГ""","190448630","a6087255","T4907-S0001","common"
"ЗАО ""СОЛАР ЛС""","101128058","2ee348bf","T4715-S0001","common"
"ЗАО ""Солигорский Институт проблем ресурсосбережения с Опытным производством""","600024102","921738e4","T6149-S0001","common"
"ЗАО ""СОЛИГОРСКПРОМПИЩЕТОРГ""","690302261","2670005b","T5163-S0001","common"
"ЗАО ""Сортамент Инвест""","191842777","0e6eebac","T4289-S0001","common"
"ЗАО ""Сортметинвест""","191825147","ddf90c30","T4314-S0001","common"
"ЗАО ""Софтгуру""","192346823","ee534b43","T4996-S0001","common"
"ЗАО ""СОЮЗ-216""","391745189","12a735f5","-S0001","common"
"ЗАО ""СОЮЗ-216""","391745189","36754e46","-S0002P","preferred"
"ЗАО ""СП АЭРОДОРСТРОЙ""","193426238","1ca9c727","T6562-S0001","common"
"ЗАО ""СПЕКТРОЛАБ""","190481156","84c0110b","T2532-S0001","common"
"ЗАО ""СПЕКТРОСКОПИЧЕСКИЕ СИСТЕМЫ""","101178705","59979a83","T4568-S0001","common"
"ЗАО ""СПЕКТРОСКОПИЯ,ОПТИКА И ЛАЗЕРЫ-АВАНГАРДНЫЕ РАЗРАБОТКИ""","100424659","ec2785a4","T4952-S0001","common"
"ЗАО ""СПЕКТР ТРАСТ""","391763718","7bc3f77d","T6008-S0001","common"
"ЗАО ""Специальная финансовая организация ""Центр секьюритизации""","193351501","71732a7e","T6432-S0001","common"
"ЗАО ""Спецмонтажизол г. Новополоцк""","300568208","2ba624d5","T4166-S0001","common"
"ЗАО ""СПЕЦОРГСТРОЙ""","101083937","a51874dc","T5015-S0001","common"
"ЗАО ""СПЕЦОСНАСТКА""","700119676","bc099bba","T5799-S0001","common"
"ЗАО ""СпецСантехСтрой""","101472318","27c78e79","T5855-S0001","common"
"ЗАО ""СПМК-85""","600012917","acfb6574","T1629-S0001","common"
"ЗАО СП ""МХЗ""","700210051","0f9c289c","T5419-S0002","common"
"ЗАО СП ""МХЗ""","700210051","8e238218","T5419-S0003P","preferred"
"ЗАО ""СПОРТМЕДСИСТЕМС""","101482164","f2647895","T6266-S0001","common"
"ЗАО ""Спорт-пари""","190863938","4ea03b91","T5114-S0001","common"
"ЗАО ""СПОРТЭДЖ""","101160572","7b0de610","T2742-S0001","common"
"ЗАО ""СТАНТЭКС""","100975304","cbc4216f","T5477-S0001","common"
"ЗАО ""СТАРС""","190070618","337d0ee5","T5658-S0001","common"
"ЗАО ""Стеклолюкс""","600496990","3135b66b","T4290-S0001","common"
"ЗАО ""СТОДЕД""","690027286","323d010f","T4002-S0001","common"
"ЗАО ""СТОЛИЧНОЕ ТЕЛЕВИДЕНИЕ""","190157826","95cc7035","T2786-S0006","common"
"ЗАО ""Стратегия и Банкротство""","193108866","315eca2b","T6233-S0001","common"
"ЗАО ""СТРОИТЕЛЬНОЕ УПРАВЛЕНИЕ N 30""","600040710","69477668","T5546-S0001","common"
"ЗАО ""Строительно-торговая компания СТРОЙИНВЕСТ""","200646267","8195b82b","T5173-S0001","common"
"ЗАО ""СТРОИТЕЛЬНЫЙ ТРЕСТ № 11""","691806312","f7bcc73c","T5971-S0001","common"
"ЗАО ""СТРОЙИЗЫСКАНИЯ""","190419565","20d32c61","T3862-S0001","common"
"ЗАО ""Стройкомплект""","300592764","d7da43f4","T5667-S0001","common"
"ЗАО ""Строймонтажхимзащита""","591003155","b8d4ddb3","T5181-S0001","common"
"ЗАО ""СТРОЙПОЛИМЕР""","100925241","126c8fc0","T4991-S0004","common"
"ЗАО ""Стройпроектинвест""","700050920","be277c65","T6353-S0002","common"
"ЗАО ""Стройпроектинвест""","700050920","9b8e3659","T6353-S0003P","preferred"
"ЗАО ""СТРОЙСАНТЕХНИКА""","100863054","0fa27693","T5857-S0003","common"
"ЗАО ""СТРОЙФИНАНС""","100843446","47673fa0","T2955-S0001","common"
"ЗАО ""СТРУМ""","600182902","c148bae9","T2762-S0001","common"
"ЗАО ""Струнные технологии""","192425076","6d827c45","T5136-S0001","common"
"ЗАО ""Стрэком""","192592751","97de3156","T5379-S0001","common"
"ЗАО ""СУ 117""","101268367","62de5e5e","T5131-S0001","common"
"ЗАО ""СУ-15""","600009195","45ea0891","T5670-S0001","common"
"ЗАО ""СУ-161""","600039014","3ee6b140","T5141-S0001","common"
"ЗАО ""СФО ""Агентство по реструктуризации обязательств и секьюритизации активов""","193307513","49871fd4","T6421-S0001","common"
"ЗАО ""СЦ Супрамастер""","193693671","a2fbe18c","T4159-S001","common"
"ЗАО ""Сэлмон-Графикс""","100843219","ba9c55cf","T4604-S0001","common"
"ЗАО ""ТАВРИДА ЭЛЕКТРИК БП""","101128734","c6087459","T6309-S0001","common"
"ЗАО ""Танис""","400518274","eddb63c3","T4341-S0001","common"
"ЗАО ""ТАХАТ-СЕРВИС""","101317007","20012853","T5596-S0001","common"
"ЗАО ""ТАЯМНИЦА""","100121561","1b72591a","T2709-S0001","common"
"ЗАО ТД ""Славянский рынок""","700306890","9c8f56b7","T5634-S0001","common"
"ЗАО ""ТД ""ШагоВита""","191296115","7c302ca9","T2605-S0001","common"
"ЗАО ""ТекСи""","190564805","8b098678","T3775-S0001","common"
"ЗАО ""ТекХайф""","193443020","b69d38a4","T6519-S0001","common"
"ЗАО ""ТЕЛЕКОМ""","100105721","088b6a06","T4679-S0001","common"
"ЗАО ""ТЕЛЕКОММОНТАЖ-СЕРВИС""","101209944","637f86f6","T3883-S0001","common"
"ЗАО ""Теплицмонтаж""","200050400","2e86b25c","T0924-S0003","common"
"ЗАО ""ТЕПЛО ПОТОК""","190586975","3565846e","T6114-S0001","common"
"ЗАО ""Термикс""","400236118","baf79534","T5696-S0001","common"
"ЗАО ""Терминал""","400413662","1178e7aa","T4351-S0001","common"
"ЗАО ""Термоимпульс""","191628211","0f5bfd4a","T4165-S0001","common"
"ЗАО ""Терравольт Витебск""","690673558","35d457f9","T6340-S0001","common"
"ЗАО ""Терравольт Могилев""","690673560","8b13c404","T6342-S0001","common"
"ЗАО ""Терравольт Несвиж""","690673545","5e94432e","T6341-S0001","common"
"ЗАО ""Территория Эдельвейс""","192359439","72cf575d","T5420-S0001","common"
"ЗАО ""Теста""","500048159","4b745e1e","T3687-S0001","common"
"ЗАО ""ТЕХМАШ-ЭЛЕКТРО""","101381849","c8d3a471","T5615-S0001","common"
"ЗАО ""Технический центр обеспечения промышленной и гражданской безопасности ""НИЛПРОМЭКСПЕРТ""","193105721","915a5a17","T6319-S0001","common"
"ЗАО ""Технопромстрой""","690013937","257d6207","T5583-S0001","common"
"ЗАО ""ТЕХНОЦЕНТР""","100879174","ab23fdb5","T4322-S0001","common"
"ЗАО ""ТЕХНОЦЕНТР ПЛЮС""","101295470","e87a6be7","T2517-S0001","common"
"ЗАО ""ТЕХНОШАНС""","101103795","5e2a5109","T6000-S0002","common"
"ЗАО ""ТЕХНОШАНС""","101103795","f34797e5","T6000-S0003P","preferred"
"ЗАО ""ТЕХЭКОПРОМСИСТЕМА""","693153852","4b549748","T6539-S0001","common"
"ЗАО ""ТехЭнергоАльянс""","391135687","0b8b0224","T2665-S0001","common"
"ЗАО ""Тивали-К""","100055064","42c510ac","T3016-S0001","common"
"ЗАО ""ТИМЕТ""","100020715","4ba28d6a","T2490-S0001","common"
"ЗАО ""ТИС""","700051161","a45780c2","T5733-S0001","common"
"ЗАО ""ТИСИ""","101087960","bc3e877a","T5851-S0001","common"
"ЗАО ""ТИС-Магмет ПО Белпромметалл""","700240639","669e5cd8","T5729-S0001","common"
"ЗАО ""Тонрекордс Медиа""","191510969","f88d41b2","T5210-S0001","common"
"ЗАО ""ТОРА""","100052476","fc1345b3","T5192-S0001","common"
"ЗАО ""Торговая Галерея""","490558665","11337dee","T2973-S0001","common"
"ЗАО ""ТОРГОВО-КОММЕРЧЕСКИЙ ДОМ ""ЮНИСПЕКТР""","101085891","a8ea4f12","T4177-S0001","common"
"ЗАО ""Торговый дом 1000 мелочей""","200019533","b553dccd","T0857-S0002","common"
"ЗАО ""Торговый дом 1000 мелочей""","200019533","5da247b2","T0857-S0003P","preferred"
"ЗАО ""Торговый дом ""Август""","192958514","193b7ad2","T6076-S0001","common"
"ЗАО ""Торговый дом Елизово""","101483556","9527eb3e","T3143-S0001","common"
"ЗАО ""Торговый дом""КерАмида""","290237268","2dbd2b53","T2733-S0001","common"
"ЗАО ""Торговый Дом ""ЛУКБЕЛОЙЛ""","100705221","ba18908c","T4087-S0001","common"
"ЗАО ""ТОРГОВЫЙ ДОМ ""ПАЛЕССЕ""","100088760","4199222d","T6270-S0001","common"
"ЗАО ""Торговый дом ""ТермоЩит""","690633946","258bf2b7","T5575-S0001","common"
"ЗАО ""ТоргСтройТревел""","390467508","8c317c92","T4195-S0001","common"
"ЗАО ""ТОСА""","700226263","d6d8bd50","T5552-S0001","common"
"ЗАО ""ТОСКАНА""","100428667","765ebf4d","T3840-S0003","common"
"ЗАО ""ТПМ""","700037352","64bef95a","T5436-S0004","common"
"ЗАО ""ТПС-ЦЕНТР""","100218174","fd29d92a","T5391-S0001","common"
"ЗАО ""Трансинформ""","200398288","408a9246","T5407-S0001","common"
"ЗАО ""Транскомлогист и к""","192405044","e6b14118","T5115-S0001","common"
"ЗАО ""ТРАНСФОРМАВТО ПЛЮС""","190746859","298f97ce","T4315-S0001","common"
"ЗАО ""Трасис""","191699223","0e5be63c","T4113-S0001","common"
"ЗАО ""Траст-Запад""","200062076","a70f72b2","T2641-S0001","common"
"ЗАО ""Траст-Запад""","200062076","a5556957","T2641-S0002P","preferred"
"ЗАО ""Трафик Менеджер""","190938041","424d4983","T5564-S0001","common"
"ЗАО ""Трафик Менеджер Интернешнл""","191286736","38e0242c","T5081-S0001","common"
"ЗАО ""ТРИОЛЬ""","100850742","465f27f4","T3091-S0001","common"
"ЗАО ""ТРОДАТ-БЕЛ""","190184784","b696cf8b","T5570-S0001","common"
"ЗАО ""ТэгФул""","291500021","77f50fd1","-S0001","common"
"ЗАО ""УКХ ""БелГАЗавтосервис""","100123046","cfa455ab","T2521-S0001","common"
"ЗАО ""УЛЬТРАМЕДТЕХ""","101233038","1d97b2c6","T5726-S0003","common"
"ЗАО ""Умелец""","300053740","33f644c6","T3608-S0001","common"
"ЗАО ""УНИВЕРСАМ БАЙКАЛЬСКИЙ""","100863118","88f07dc9","T3184-S0001","common"
"ЗАО ""УНИВЕРСАМ ""ВИТЕБСК""","100220134","8a4b6bae","T0740-S0001","common"
"ЗАО ""Универсам Восточный""","101078500","de51f2e7","T0800-S0001","common"
"ЗАО ""УНИВЕРСАМ ""ЦЕНТРАЛЬНЫЙ""","100060965","72300562","T4878-S0001","common"
"ЗАО ""Уникальные Решения""","692177111","dbed2264","T6572-S0001","common"
"ЗАО ""УНИФАРМ""","101280900","89b7b3d6","T2756-S0001","common"
"ЗАО ""Управление специальных строительных работ Стройтрест №7""","100088916","328993fc","T0691-S0001","common"
"ЗАО ""Управляющая компания ЕРОП-ЕТС""","192444045","9145ca3b","T5162-S0001","common"
"ЗАО ""Управляющая компания ""ПроСТО""","191619456","2ed4a41c","T3940-S0001","common"
"ЗАО ""УралМаркет""","690538225","064168bd","T6062-S0001","common"
"ЗАО ""УЭЛЬС""","100646245","152cc40c","T4670-S0001","common"
"ЗАО ""Факел"" Щучинского района, д. Обруб","500031800","c07f28ed","T2870-S0004","common"
"ЗАО ""ФАРМАСЕП ПЛЮС""","101282319","f0988d9e","T5232-S0001","common"
"ЗАО ""ФАРМАТЕХ""","100042949","28da42b2","T3510-S0001","common"
"ЗАО ""ФАРМТЕХСЕРВИС""","100950602","b4699cb3","T5084-S0001","common"
"ЗАО ""ФАРТ И В""","100243882","2868d450","Fart-S0001","common"
"ЗАО ""Фенек""","300127840","ff716bb4","T5825-S0001","common"
"ЗАО ""ФилтерПРО""","693153495","f1d4c7cb","T6527-S0001","common"
"ЗАО ""Финансы и Капиталъ""","191591056","fa5c1df6","T3969-S0001","common"
"ЗАО ""Финмастерс""","191627534","97df3308","T5403-S0001","common"
"ЗАО ""Фирма Мальвина""","800003807","03500562","T1993-S0001","common"
"ЗАО ""Фирма ""Омега""","300187430","5a795d08","T4854-S0001","common"
"ЗАО ""Фирма ""Омега""","300187430","3edc3276","T4854-S0003P","preferred"
"ЗАО ""ФИРМЕННЫЙ ОБУВНОЙ МАГАЗИН ""ЛУЧ""","100062000","6d6bc4ce","T4362-S0003","common"
"ЗАО ""Фисон"" г.Лида","500272251","61eb0e2e","T5662-S0003","common"
"ЗАО ""Фита-1""","700181119","9fefca9f","T4905-S0001","common"
"ЗАО ""ФК ""ДИНАМО-МИНСК""","101512751","127d84c9","T6358-S0001","common"
"ЗАО ""ФК ""Ислочь""","691784097","50cd2a13","T5974-S0001","common"
"ЗАО ""ФК ""Шахтер""","690255570","bab2b295","T5898-S0001","common"
"ЗАО ""ФлексоПолимер""","193464112","b87ec690","T6523-S0001","common"
"ЗАО ""ФлексоФорс""","808000012","cc23987a","T5432-S0001","common"
"ЗАО ""ФОТЭК""","100025347","122e34cf","T4643-S0001","common"
"ЗАО ""Фуд Баг Центр""","490682351","b703e2ae","T6495-S0001","common"
"ЗАО ""Фуд Найс Торг""","490682364","cda6c35f","T6493-S0001","common"
"ЗАО ""ФУТБОЛСПОРТСЕРВИС""","101263549","842e7252","T5221-S0001","common"
"ЗАО ""Фэнстэр""","101256495","8c88b5d7","T2632-S0001","common"
"ЗАО ""ХИМБЕЛСЕРВИС""","100991292","fc32eb99","T3623-S0001","common"
"ЗАО ""Химимпорт""","690020317","beab188c","T4588-S0001","common"
"ЗАО ""ХимИнжКонсалт""","192580969","20461abe","T5394-S0001","common"
"ЗАО ""ХИММЕДСИНТЕЗ""","691129225","09bcfee9","T4077-S0001","common"
"ЗАО ""Хинкали франчайзинг""","193097421","166947e5","T6322-S0001","common"
"ЗАО ""Х-КРАФТ""","490314128","f9f51850","T6494-S0001","common"
"ЗАО ""ХОККЕЙНЫЙ КЛУБ ""ДИНАМО-МИНСК""","190475680","bc27b5a5","T5578-S0001","common"
"ЗАО ""Холдинговая компания ""Пинскдрев""","200250960","ac8238ff","T2734-S0005","common"
"ЗАО ""Холодильная техника"" г. Гродно","500037097","2c27d3f2","T4226-S0003","common"
"ЗАО ""ХОЛОДОН""","100859339","3e82c089","T4421-S0001","common"
"ЗАО ""ХЦ-ПОЛИНОВОТЕХ""","100152790","1e2f04dd","T5996-S0001","common"
"ЗАО ""Цветовой баланс""","192446405","ce3000ce","T5197-S0001","common"
"ЗАО ""Цемтэкс""","192609515","be85e0d6","T5451-S0001","common"
"ЗАО ""Центаврстрой""","490862915","089d6aae","T3793-S0001","common"
"ЗАО ""Центр ликвидации и банкротства предприятий""","192368886","60274646","T5068-S0001","common"
"ЗАО ""Центр ликвидации предприятий""","191228804","238198fa","T2914-S0001","common"
"ЗАО ""ЦЕНТР НОВЫХ ИНТЕЛЛЕКТУАЛЬНЫХ ИНТЕГРИРОВАННЫХ СИСТЕМ""","190507885","1de79dc8","T2465-S0001","common"
"ЗАО ""Центр охраны труда и промышленной безопасности""","100947049","cdab0090","T4100-S0001","common"
"ЗАО ""Центр промышленной оценки ""","191021390","0f11abaf","T5576-S0001","common"
"ЗАО ""Центр экспертизы и сертификации ""ЕВРОТЕСТ""","291109943","df853de9","T4273-S0001","common"
"ЗАО ""Цептер Банк""","807000214","b4df0674","T2406-S0001","common"
"ЗАО ""ЦНИП""","191610829","9445738b","T4287-S0001","common"
"ЗАО ""Чайна Мерчантс СиЭйчЭн-БиЭлАр Коммерческая и Логистическая Компания""","691700107","48979640","T5256-S0001","common"
"ЗАО ""Чижовский двор""","101116939","c1860675","T0806-S0001","common"
"ЗАО ""Чистый берег""","101489077","736f6ba8","T6123-S0001","common"
"ЗАО ""ШатоАгро""","691129039","893a6434","T3986-S0001","common"
"ЗАО ""Швейная фабрика ""Дината""","600001722","9969a4a3","T2343-S0002","common"
"ЗАО ""Швейная фабрика ""Социнвест-Мех и К""","190649015","60a35e1e","T6552-S0001","common"
"ЗАО ""Шикё""","191081639","29453fd8","T6190-S0001","common"
"ЗАО ""Штадлер Минск""","690655901","d15f7032","T4030-S0002","common"
"ЗАО ""Эвералим""","691804123","8b6875eb","T5383-S0001","common"
"ЗАО ""ЭйсЕвроСтрой""","691616114","aae2a12e","T5421-S0001","common"
"ЗАО ""Эквел Бел""","192504214","48b71f8e","T5266-S0001","common"
"ЗАО ""ЭкоБелЛайв""","691909345","cb389288","T5247-S0001","common"
"ЗАО ""Эковата-Мол""","690397099","1d034a33","T5364-S0001","common"
"ЗАО ""ЭКОЛОГИЯ-121""","100143369","976bb965","T5979-S0001","common"
"ЗАО ""ЭКОМИР""","190870517","f69fcafb","T5756-S0001","common"
"ЗАО ""Экомол Агро""","391123917","6c75f502","T4298-S0001","common"
"ЗАО ""Экостраж""","692146071","54f1e5f2","T6399-S0001","common"
"ЗАО ""Экотехнопром""","790677759","f49016ef","T2680-S0001","common"
"ЗАО ""ЭКСИМЭЛЕКТРО""","190490879","6550a14e","T5168-S0001","common"
"ЗАО ""ЭкспертГарантСервис""","101541750","55690f5a","T2516-S0001","common"
"ЗАО ""Экспорт окна""","690658691","6cd53e0a","T4916-S0001","common"
"ЗАО ""ЭЛЕГАНСЭ""","190113318","53ec71cf","T9171-S0001","common"
"ЗАО ""ЭЛЕКТРАКИП""","100596767","987e1fef","T3099-S0001","common"
"ЗАО ""Электроплан ТНС""","192439045","edb927ed","T5172-S0001","common"
"ЗАО ""ЭЛИТАВТО""","101278172","d3d33b92","T6559-S0001","common"
"ЗАО ""Элпрокомплект""","192158059","5aac8739","T4735-S0001","common"
"ЗАО ""ЭЛЬСАН""","100119849","1fac36e7","T4103-S0001","common"
"ЗАО ""ЭмСи Инкам энд Инновэйшнс""","191444101","9dafe24f","T3669-S0001","common"
"ЗАО ""Энергико""","191495985","f02e1110","T3934-S0001","common"
"ЗАО ""Энергоинжиниринговые решения""","191687285","726ec649","T3892-S0001","common"
"ЗАО ""Энергокоминвест""","191476827","849c18cb","T4130-S0001","common"
"ЗАО ""Энерголизинг""","193019593","bb2f3c08","T6152-S0001","common"
"ЗАО ""Энергомашимпорт""","191501366","22f9f40d","T5164-S0001","common"
"ЗАО ""ЭНЕРГОТЕПЛОИЗОЛЯЦИЯ""","100390954","ca2d52e7","T4259-S0001","common"
"ЗАО ""ЭНЕРГОТЕХПРОМ-2""","101195886","55bfe39c","T4977-S0001","common"
"ЗАО ""ЭРИА""","690602002","5ff29337","T2910-S0001","common"
"ЗАО ""ЭРИТАЖ""","101422638","34c53a35","T5676-S0001","common"
"ЗАО ""ЭРМИЙ""","100935455","0be4ff5d","T4917-S0001","common"
"ЗАО ""ЭРМИТА""","100422181","501f3629","T4962-S0001","common"
"ЗАО ""ЭСТКО""","800005999","d8a00844","T5130-S0001","common"
"ЗАО ""Эс-Эн-Эй Европа Индастриз Бисов""","100338635","6f6c1586","T4372-S0001","common"
"ЗАО ""ЭФИР""","100945508","5f448adf","T3227-S0003","common"
"ЗАО ""Эф-Си Консалт""","193502632","f77a708e","T6578-S0001","common"
"ЗАО ""Южэли-импорт""","190717768","d0214625","T3723-S0001","common"
"ЗАО ""ЮНАТЭКС""","100643644","d9a6fb06","T4956-S0001","common"
"ЗАО ""Юнионспецавто""","192264709","5f207504","T4877-S0001","common"
"ЗАО ""Юнифуд""","800016624","f5ab47ba","T4263-S0003","common"
"ЗАО ""ЮпитерАгро""","192580374","3ffc804b","T5446-S0001","common"
"ЗАО ""Юпитер плюс""","300200332","2eaff20e","T5098-S0003","common"
"ЗАО ""ЯЛИНА""","100167659","be000cfe","T3671-S0001","common"
"ЗАО ""Ярошевич и Партнеры""","691528167","9adf7a75","-S0001","common"
"ЗАО ""Ярс-Ренвест""","691784786","4dc37761","T5155-S0001","common"
"ЗАСО ""Белнефтестрах""","101143603","051b2d9e","T2823-S0001","common"
"ЗАСО ""Имклива Иншуранс""","400217363","59e689c2","T3734-S0003","common"
"ЗАСО ""КЕНТАВР""","100985903","477abb6d","T3616-S0008","common"
"ЗАСО ""КЕНТАВР""","100985903","83b25c5b","T3616-S0009P","preferred"
"ЗАСО ""Промтрансинвест""","100357923","0ef24218","T2767-S0001","common"
"ЗАСО ""ТАСК""","100003006","0febce6f","T3527-S0001","common"
"ЗВАО ""СИНТЕЗ-ММ""","100094103","a7781150","T5795-S0001","common"
"ЗСАО ""Ингосстрах""","100219645","988c9df4","T3650-S0005","common"
"ИЗАО ""Акриловые полимеры""","690655610","52de1a2e","T3897-S0001","common"
"ИЗАО ""Банг энд Бонсомер""","800012220","1ec8d4ee","T5012-S0001","common"
"ИЗАО ""БЕЛТУЛС""","800015299","b7ec32cd","T5540-S0001","common"
"ИЗАО ""ГЁЛЬНЕР ЭКСПЕДИЦИЯ""","101500119","a0d20c53","T5981-S0001","common"
"ИЗАО ""Глера Маркет""","191437576","91b4a0df","T3166-S0001","common"
"ИЗАО ""СЕЙФТРОНИКС-Б""","809000658","32cd65c7","T3773-S0001","common"
"ИЗАО ""Фабрика досуга""","190681514","b0314273","T2800-S0001","common"
"Инвестиционная компания ""ГОРИЗОНТ-СЕДНАТ"" СЗАО","191756383","a33c8abe","T4237-S0001","common"
"Инженерно-технический центр ОАО","600319614","cda387fa","T0261-S0001","common"
"ИП ЗАО ""БЕЛС""","200595080","2d80d27c","T2766-S0001","common"
"ИП ЗАО ""Молодечненский трубопрокатный завод""","800000573","fc6bc9f3","T5479-S0001","common"
"ИП ""СЛАВНЕФТЕХИМ"" ЗАО","800008878","38e98d50","T4472-S0001","common"
"КАРАТ-С ЗАО","600433125","e50b6539","T5776-S0001","common"
"Кафе Спутник ОАО","100035668","d5173733","T0646-S0001","common"
"Китайско-Белорусское СЗАО ""Компания по развитию индустриального парка""","690656540","9a292321","T4297-S0001","common"
"Кричевгрузавто ОАО","700164872","0b05efd2","T2382-S0003","common"
"Кричевское ОАО ""Автомотосервис и торговля""","700170853","7778188e","T2383-S0001","common"
"ЛЕСПАРКСЕРВИС ЗАО","101474456","8d692a32","T5679-S0001","common"
"МИНИНСТАЛЬ ЗАО","190325816","137f8847","T5582-S0001","common"
"Минский завод строительных материалов ОАО","100008102","ec248649","T0616-S0003","common"
"МОАО ""Красный металлист""","700010525","690d41ad","T1822-S0001","common"
"Могилевские семена трав ОАО","700007449","d38a8e94","T5069-S0002","common"
"Могилевское ОАО ""Галантерея""","700099463","43315c12","T2378-S0001","common"
"Могилевское ОАО ""Гарант""","700007663","21db56ec","T1811-S0001","common"
"Мозырьлес ЗАО","400084259","76f0896c","T3882-S0001","common"
"Мозырьпромстрой ОАО","400091065","e1063e20","T0299-S0001","common"
"МОЛСНАБТОРГ ЗАО","101450750","0dfc4f30","T5612-S0001","common"
"Мона ОАО","100055291","9a3e4170","T0660-S0002","common"
"МО ОАО ""Луч"" - управляющая компания холдинга ""Обувь - ""Луч""","100260052","13420d79","T0154-S0001","common"
"МСПМК ОАО","600518371","b3c05ee5","T4405-S0001","common"
"Навигационно-идентификационные системы ЗАО","191654875","06a6bae4","T4306-S0001","common"
"Новобелицаавтотранс ОАО","400088665","aefcfeb5","T1386-S0001","common"
"Новоельнянский межрайагроснаб ОАО","500048572","9649506c","T2338-S0001","common"
"НП ЗАО ""АЙВОРИ""","100921644","ac582151","T5708-S0001","common"
"НПЗАО ""МАЛКУТ""","101203058","a747553d","T5464-S0001","common"
"""НПК ""ЭКО-ЛЕС-О"" СЗАО","810000400","38581af5","T5616-S0001","common"
"НТЗАО ""АЛАРМ""","100435764","96254395","T5778-S0001","common"
"Нуклеар Пауэр ЗАО","592000153","2e88696f","T6529-S0001","common"
"ОАО ""10 съезд Советов""","600004229","db4bae92","T3512-S0001","common"
"ОАО ""10 УПРАВЛЕНИЕ НАЧАЛЬНИКА РАБОТ""","100185369","787e68da","T0732-S0004","common"
"ОАО ""122 УНРМ""","100185210","b56e3fff","122U-S0001","common"
"ОАО ""17 Сентября""","600038416","69dba24d","T3513-S0001","common"
"ОАО ""2566 завод по ремонту радиоэлектронного вооружения""","600012284","7e9b23ea","T3262-S0001","common"
"ОАО ""8 Марта""","400078265","e794e692","T0204-S0003","common"
"ОАО ""9-Я СТОМАТОЛОГИЧЕСКАЯ ПОЛИКЛИНИКА""","100251718","d7987378","T0748-S0001","common"
"ОАО ""Авангард-Нива""","700028888","cf158bcd","T5661-S0001","common"
"ОАО ""Авиакомпания Гродно""","500053848","3eeec59c","T4749-S0001","common"
"ОАО ""Автобаза"" г. Заславль","600012904","b594a19f","T1628-S0001","common"
"ОАО ""Автобусный парк г.Гродно""","590002932","c855a7af","T3189-S0001","common"
"ОАО ""Автомобильный парк № 3 г. Могилева""","700183721","9b9ff0b6","T1951-S0001","common"
"ОАО ""Автомотосервис и торговля-2""","700012408","6fe26342","T1827-S0001","common"
"ОАО ""Автопарк № 4""","700016748","f720fd2e","T1839-S0001","common"
"ОАО ""АВТОСИЛА""","100266300","db351441","T0751-S0003","common"
"ОАО ""АВТОСПЕЦСТРОЙ""","100016936","ba70016a","T2237-S0001","common"
"ОАО ""АВТОСПЕЦТРАНС""","100008263","3b4e1250","T0620-S0001","common"
"ОАО ""АВТОТОРГСЕРВИС""","190196735","94b91ee1","T0822-S0001","common"
"ОАО ""Автотрансстрой""","600077182","1d7ca014","T0207-S0003","common"
"ОАО ""АГАТ-стройсервис""","500057113","f290d90a","T1560-S0001","common"
"ОАО ""Агат- электромеханический завод""","100093400","91c12ef8","T3530-S0001","common"
"ОАО ""Агентство по управлению активами""","192687680","ce8ac115","BelAg-S0001","common"
"ОАО ""АгроБоровинка""","300034942","7d568915","T3592-S0001","common"
"ОАО ""АГРОВИДЗЫ""","300060105","a4b3c5b4","T3400-S0001","common"
"ОАО ""Агро-Вишневский""","600059592","c0459315","T3493-S0001","common"
"ОАО ""АгроГЖС""","590356882","14268c9c","T4345-S0001","common"
"ОАО ""АгроДоры""","600017934","28bbae4b","T3444-S0001","common"
"ОАО ""Агро-Дубинское""","600017962","4f00ee73","T3514-S0001","common"
"ОАО ""АгроЖуравичи""","490587360","322ecb8a","T4394-S0001","common"
"ОАО ""Агро-Заречье""","200056225","366a5e78","T0928-S0003","common"
"ОАО ""Агро-Кобринское""","200224881","475dc32e","T1034-S0001","common"
"ОАО ""Агрокомбинат ""Дзержинский""","600112292","9fede799","AKD-S0006","common"
"ОАО ""Агрокомбинат ""Скидельский""","500030539","1d5bbc04","T2328-S0001","common"
"ОАО ""Агрокомбинат ""Юбилейный""","300072801","41b5898c","T3886-S0001","common"
"ОАО ""Агролизинг""","190738158","1c179ffe","T0837-S0001","common"
"ОАО ""Агро-Мотоль""","200074532","97f4cd1f","T4143-S0001","common"
"ОАО ""Агронеманский""","600014486","d7b2feae","T3638-S0001","common"
"ОАО ""АгроНива""","200193272","af56b31b","T4903-S0001","common"
"ОАО ""Агро-Пелище""","200193257","bb47f439","T1007-S0001","common"
"ОАО ""Агропромналадка""","700008141","6bc4682e","T1813-S0003","common"
"ОАО ""АГРОПРОМЭНЕРГО""","600049838","5e2b0b46","T1702-S0001","common"
"ОАО ""Агроспецтранс""","200150541","20b1d4bb","T0974-S0001","common"
"ОАО ""Агростройфирма ""ПМК-74-Налибоки""","600021940","9390e0df","T1656-S0003","common"
"ОАО ""АгроТурна""","200193310","a74e45da","T1009-S0001","common"
"ОАО ""Агрофирма ""Лучники""","600043549","93669126","T5920-S0001","common"
"ОАО ""Агрофирма Малеч""","200022094","0c6aa0bb","T4547-S0001","common"
"ОАО ""Агрофирма ""ФАЛИЧИ""","690301862","d3746fb0","T5471-S0001","common"
"ОАО ""Агрохимуслуги""","400054146","68e1eb71","T1329-S0001","common"
"ОАО ""АЗАРЭННЕ""","100010129","e8742178","T0625-S0001","common"
"ОАО ""Акр-Агро""","500009252","9f6e578d","T2324-S0001","common"
"ОАО ""АКТАМИР""","100097980","188a6a1e","T0700-S0001","common"
"ОАО ""Алая заря""","600010848","6fc96d7f","T3531-S0001","common"
"ОАО ""АЛЕВКУРП""","101148779","b5c094a0","T3319-S0001","common"
"ОАО ""Александрия-Агро""","200193336","fed98e38","T1011-S0003","common"
"ОАО ""Алеся-сервис""","200019270","3feef942","T0853-S0001","common"
"ОАО ""Альтаир""","400045791","b501ded9","T4376-S0001","common"
"ОАО ""Амкодор-Белвар""","100363840","2fc81190","T0283-S0003","common"
"ОАО ""Амкодор-КЭЗ""","300028841","0e9b9f14","T1127-S0003","common"
"ОАО ""АМКОДОР-СЕМАШ""- управляющая компания холдинга""","600005769","fee347f1","T1612-S0001","common"
"ОАО ""Амкодор-Унимод""","100010116","18a8673f","T2235-S0003","common"
"ОАО ""АМКОДОР"" - управляющая компания холдинга""","100135676","62443b71","T0210-S0001","common"
"ОАО ""АНДАРАК""","100058459","5914c8c3","T0669-S0001","common"
"ОАО ""Антоново-Агро""","300061604","b41663af","T3347-S0001","common"
"ОАО ""Арма""","700002779","046b888f","T1802-S0003","common"
"ОАО ""Арэса-агро""","600027183","b3efcc85","T3494-S0001","common"
"ОАО ""АСБ Беларусбанк""","100325912","ffbcd9a0","ASB-S0016","common"
"ОАО ""АСБ Беларусбанк""","100325912","c35a0ff3","ASB-S0017P","preferred"
"ОАО ""АСБ Беларусбанк""","100325912","6a6f5bf6","ASB-S0018P","preferred"
"ОАО ""Асилак""","600002374","2ca23219","T3714-S0001","common"
"ОАО ""АСУ-УКХ-ГИСУ""","100230547","23629e8c","T3278-S0001","common"
"ОАО ""АТП № 4"" г.Витебск","300081054","c16dd6d2","T1204-S0001","common"
"ОАО ""АТЭК"" г.Витебск","300588107","fe998117","T1237-S0001","common"
"ОАО ""Аульское межрайобъединение""","500030447","86e675ac","T1486-S0001","common"
"ОАО ""Аульсторгсервис""","500030541","519711f0","T1489-S0001","common"
"ОАО ""АФПК ""Жлобинский мясокомбинат""","400071722","b1f462c3","T1358-S0003","common"
"ОАО ""Аэлита Люкс""","500325137","c2c66fbf","T1591-S0001","common"
"ОАО ""Бабушкина крынка""-управляющая компания холдинга ""Могилевская молочная компания ""Бабушкина крынка""","700012278","8f6d4959","T1823-S0005","common"
"ОАО ""Бабушкино подворье""","700160902","7902a4aa","T3567-S0001","common"
"ОАО ""Бакалея Могилев""","700010114","56a04389","T1815-S0003","common"
"ОАО ""Бакуново""","200073393","31fa9f9b","T5356-S0001","common"
"ОАО ""Балины""","300061660","92531231","T3348-S0001","common"
"ОАО ""Банк БелВЭБ""","100010078","bf22f76e","BBVB-S0007","common"
"ОАО ""Банк Дабрабыт""","807000002","d753506e","DBRBT-S0001","common"
"ОАО ""БАНКОВСКИЙ ПРОЦЕССИНГОВЫЙ ЦЕНТР""","190381773","0a303885","T0213-S0004","common"
"ОАО ""Банк развития Республики Беларусь""","191683861","e8b07827","BR_RB-S0001","common"
"ОАО ""Барановичипромбурвод""","200166886","74d0e7d7","T0982-S0001","common"
"ОАО ""Барановичская обувная фабрика""","200168304","968d1fee","T0359-S0001","common"
"ОАО ""Барановичская птицефабрика""","200177723","effbae83","T0993-S0001","common"
"ОАО ""Барановичхлебопродукт""","200166738","f5ddeef1","T0215-S0007","common"
"ОАО ""Барсучанка""","300013105","5c71edbb","T3240-S0001","common"
"ОАО ""Бархим""","200167392","dbccb5df","T0986-S0001","common"
"ОАО ""Батчи""","200227666","eb8593bf","T5357-S0001","common"
"ОАО ""БАТЭ"" - управляющая компания холдинга ""Автокомпоненты""","600017855","6438f813","T1645-S0006","common"
"ОАО ""БВО""","600020681","80c549a8","T3321-S0001","common"
"ОАО ""Бегомльское""","391078994","87f7c763","T6166-S0001","common"
"ОАО ""БЕЛАВТОТЕХСЕРВИС""","100003090","b47ee79b","T0609-S0001","common"
"ОАО ""Белагроздравница""","100119014","4bdade39","T3023-S0001","common"
"ОАО ""Белагромаш""","100026463","1892b246","T5111-S0001","common"
"ОАО ""Белагропромбанк""","100693551","1e977063","BAPB-S0034","common"
"ОАО ""Белагропромбанк""","100693551","f9b6dade","BAPB-S0035P","preferred"
"ОАО ""БЕЛАЗ"" - управляющая компания холдинга ""БЕЛАЗ-ХОЛДИНГ""","600038906","cc4b1a35","BELAZ-S0001","common"
"ОАО ""БелАльянсИнвест""","190640232","c6af14b7","T0833-S0001","common"
"ОАО ""Беларускабель""","400083186","a4879915","T1379-S0003","common"
"ОАО ""Беларуськалий""","600122610","154424bb","T3021-S0001","common"
"ОАО ""Беларусьрезинотехника""","700069297","439dd088","T1896-S0001","common"
"ОАО ""БЕЛАТЭП""","100104554","b9bd7d24","T0705-S0001","common"
"ОАО ""Белая липа""","300026517","eedb0a49","T3412-S0001","common"
"ОАО ""БЕЛБАКАЛЕЯ""","100025653","bf62a36d","T0640-S0001","common"
"ОАО ""БЕЛБУД""","100794022","e535becf","T0788-S0003","common"
"ОАО ""БЕЛБЫТРЕКЛАМА""","100079709","dcfb89cd","T0687-S0001","common"
"ОАО ""БелВитунифарм""","811001710","43e2aec5","T3720-S0001","common"
"ОАО ""БелВТИ""","101468222","7f806d26","T3703-S0001","common"
"ОАО ""Белвторчермет""","100071565","704f33c8","T4052-S0001","common"
"ОАО ""Белгазпромбанк""","100429079","064a5a36","BGPB-S0008","common"
"ОАО ""Белгазпромбанк""","100429079","4040e797","BGPB-S0009P","preferred"
"ОАО ""БЕЛГАЗСТРОЙ""-управляющая компания холдинга""","101218845","70697863","T0811-S0001","common"
"ОАО ""БЕЛГАЛАНТЕРЕЯ""","100230667","31d9c593","T0744-S0001","common"
"ОАО ""БЕЛГИПС""","100007096","12af94be","T0613-S0001","common"
"ОАО ""БЕЛГОРХИМПРОМ""","600024712","9127609b","T1660-S0001","common"
"ОАО ""БЕЛГРАН""","100062465","42a90b0f","T0673-S0001","common"
"ОАО ""Беленево""","300027937","f3d71874","T3376-S0001","common"
"ОАО ""Белзооветснабпром""","100271048","69873f7e","T0218-S0001","common"
"ОАО ""Белинвентарьторг""","100045884","fe9842d2","T3156-S0001","common"
"ОАО ""Белинвестбанк""","807000028","1a69c4f9","Belin-S0007","common"
"ОАО ""Белинвестбанк""","807000028","958d5f8d","Belin-S0008P","preferred"
"ОАО ""Белкард"", г.Гродно","500013879","0362b0db","T1448-S0004","common"
"ОАО ""Белкнига""","100026606","7566e317","T0641-S0001","common"
"ОАО ""БЕЛКОМПЛЕКСПРОЕКТ""","100055207","ef893bcb","T0659-S0001","common"
"ОАО ""БЕЛКОТЛООЧИСТКА""","100071353","379a8519","T0680-S0001","common"
"ОАО ""БЕЛЛЕГПРОМПРОЕКТ""","100071182","b9e52362","T2242-S0001","common"
"ОАО ""Беллифт""","190241053","0caf9bbb","T3164-S0001","common"
"ОАО ""БЕЛМАГИСТРАЛЬАВТОТРАНС""","101235482","e88756b4","T0219-S0003","common"
"ОАО ""Белмедстекло""","692041378","aa845f60","T6074-S0001","common"
"ОАО ""БЕЛМЕТАЛЛ""","100055010","f6a65ce7","T0656-S0001","common"
"ОАО ""Беловежский""","200193456","ca3aef85","T1015-S0001","common"
"ОАО «Белорусская валютно-фондовая биржа»","101541722","5799c787","BCSE-S0003","common"
"ОАО ""Белорусская калийная компания""","192050251","34c90d44","T4677-S0001","common"
"ОАО ""БЕЛОРУССКАЯ УНИВЕРСАЛЬНАЯ ТОВАРНАЯ БИРЖА""","190542056","ae6d243b","T0831-S0003","common"
"ОАО ""Белорусский цементный завод""","700002051","8b1ffe76","T4046-S0001","common"
"ОАО ""Белорусское морское пароходство""","100692435","aeed066d","BelMP-S0001","common"
"ОАО ""БЕЛОРУССКОЕ УПРАВЛЕНИЕ МЕХАНИЗАЦИИ""","190007982","91f6e58f","T0222-S0001","common"
"ОАО ""Белпромимпэкс""","100088681","c8035395","T3927-S0001","common"
"ОАО ""Белреставрация""","100039768","0a194f4a","T4347-S0001","common"
"ОАО ""Белрыба""","190000166","68b91806","T2686-S0001","common"
"ОАО ""БЕЛСАНТЕХМОНТАЖ-2""","100286253","dd8c951d","T0225-S0001","common"
"ОАО ""БЕЛСВЯЗЬСТРОЙ""","100028969","45b289c1","T0226-S0003","common"
"ОАО ""БЕЛСЕЛЬЭЛЕКТРОСЕТЬСТРОЙ""","100120777","d39ad0f4","T0716-S0001","common"
"ОАО ""Белслучь""","600071222","e1f6fa74","T3279-S0001","common"
"ОАО ""Белсолод""","200075434","883365f7","T0934-S0006","common"
"ОАО ""Белсплат""","300570648","54b65060","T4573-S0001","common"
"ОАО ""Белстройматериалы""","100024246","d0283b3d","T0639-S0004","common"
"ОАО ""БЕЛСЧЕТТЕХНИКА""","100064838","3bbad3f8","T0676-S0001","common"
"ОАО ""БЕЛТЕПЛОИЗОЛЯЦИЯ""","100588875","e837b421","T0142-S0001","common"
"ОАО ""БЕЛТОРГРЕКЛАМА""","100420084","eb951368","T0228-S0005","common"
"ОАО ""БЕЛТРУБОПРОВОДСТРОЙ""","100364117","b657b6a3","T0770-S0004","common"
"ОАО ""БЕЛФА"" г. Жлобин","400076540","1a31d5eb","T0212-S0003","common"
"ОАО ""БЕЛХИМ""","100122846","3ce17c6f","T0717-S0001","common"
"ОАО ""БЕЛХИМЭНЕРГО""","100363932","8904f644","T0768-S0001","common"
"ОАО ""БЕЛХОЗТОРГ""","100230626","99f2ecef","T0230-S0001","common"
"ОАО ""Белцветмет""","100088666","059fd541","T4006-S0001","common"
"ОАО ""Белшина""","700016217","6c2f134c","T1838-S0001","common"
"ОАО ""Белыничская Искра""","700081353","5868d8e8","T1902-S0001","common"
"ОАО ""Белыничский протеиновый завод""","700003086","e0372fc4","T3758-S0001","common"
"ОАО ""Бельковщина""","300061673","eabe9dde","T3349-S0001","common"
"ОАО ""БЕЛЭЛЕКТРОМОНТАЖ""","100288958","03aa7c73","T0752-S0001","common"
"ОАО ""Белэлектромонтажналадка""","100101011","6eae77a3","T4666-S0001","common"
"ОАО ""Белэнергозащита""","100098854","d2fe4a48","T3076-S0001","common"
"ОАО ""БЕЛЭНЕРГОРЕМНАЛАДКА""","100345505","15d440a7","T2252-S0001","common"
"ОАО ""БЕЛЭНЕРГОСВЯЗЬ""","100135648","2d6a3765","T0724-S0001","common"
"ОАО ""БЕЛЭНЕРГОСНАБКОМПЛЕКТ""","100104659","f3b8932e","T0706-S0001","common"
"ОАО ""Белювелирторг""","100129348","50f2a714","T3215-S0001","common"
"ОАО ""Березастройматериалы""","200034522","1a7deace","T0900-S0001","common"
"ОАО ""Березовская машинно-технологическая станция""","200022293","4cb8e54b","T0869-S0004","common"
"ОАО ""Березовский комбикормовый завод""","200096911","57320f1f","T0233-S0004","common"
"ОАО ""Берёзовский КСИ""","200022939","f1b773fb","T0875-S0001","common"
"ОАО ""Березовский мясоконсервный комбинат""","200025739","5c64be7e","T0877-S0005","common"
"ОАО ""Березовское АТП""","200022663","67c6ed14","T0871-S0001","common"
"ОАО ""Берестейский пекарь""","200127089","2f8e253a","T4747-S0001","common"
"ОАО ""БЗАЛ""","200149838","4a5f5aa9","T3249-S0001","common"
"ОАО ""БЗЗЧ ""АВТАКО""","200150605","0d45dff1","T0975-S0003","common"
"ОАО ""БЗМП""","600125834","d6b70a38","T2838-S0001","common"
"ОАО ""БЗПИ""","600012297","f6be5631","T2346-S0001","common"
"ОАО ""БЗСП""","200167257","912dd094","T0983-S0004","common"
"ОАО ""БМЗ- управляющая компания холдинга ""БМК""","400074854","84b7628c","T2643-S0001","common"
"ОАО ""БМРЗ""","200022344","9de2858c","T0234-S0001","common"
"ОАО ""БНБ-Банк""","100513485","7b4fbd8f","BLNBN-S0016","common"
"ОАО ""БОБРОВО-АГРО"" Дубровенского района","300067656","8bb5045d","T3579-S0001","common"
"ОАО ""Бобруйская обувная фабрика""","700091993","81aa194b","T1918-S0001","common"
"ОАО ""Бобруйскбытмебель""","700337823","7d4c97d3","T2387-S0001","common"
"ОАО ""Бобруйскбытуслуги""","700088465","da175d68","T1907-S0001","common"
"ОАО ""Бобруйский завод КПД""","700016179","012180cf","T1836-S0001","common"
"ОАО ""Бобруйский завод растительных масел""","700067240","2f011fbf","T1885-S0003","common"
"ОАО ""Бобруйский кожевенный комбинат""","700068923","0292446c","T1893-S0001","common"
"ОАО ""Бобруйский машиностроительный завод""","700067266","60e74873","T1886-S0001","common"
"ОАО ""Бобруйскобщепит""","700090055","9d3fa92e","T1914-S0001","common"
"ОАО ""Бобруйсксельмаш""","790056159","e95c7f16","T1967-S0001","common"
"ОАО ""Бобруйсктрикотаж""","700091263","55eb3e17","T0238-S0005","common"
"ОАО ""Богдановское""","600019595","9c2c5e94","T3495-S0001","common"
"ОАО ""Богушевичи""","600036439","55ec3224","T3561-S0001","common"
"ОАО ""Большевик-Агро""","600061511","d4d34e5a","T3350-S0001","common"
"ОАО ""Большестрелковский""","400009853","287133c7","T4411-S0001","common"
"ОАО ""Борисовбытсервис""","600012016","0c6bdb5d","T3458-S0001","common"
"ОАО ""Борисовгрузавтотранс"" г.Борисов","600188372","b03debd5","T0239-S0001","common"
"ОАО ""Борисовдрев""","600012256","3353f9ef","BDREV-S0005","common"
"ОАО ""Борисовинтертранс""","600012108","eca73041","T1620-S0001","common"
"ОАО ""Борисовский авторемонтный завод""","600188571","5789b75c","T0241-S0001","common"
"ОАО ""Борисовский ДОК""","600012401","941b94f4","T2347-S0003","common"
"ОАО ""Борисовский завод полимерной тары ""Полимиз""","600012322","1bacafc8","T1623-S0001","common"
"ОАО ""Борисовский шпалопропиточный завод""","600012389","1cd51dc4","T3205-S0001","common"
"ОАО ""Борисовское агропромэнерго""","600030905","6d586197","T1671-S0001","common"
"ОАО ""Боровое-2003""","600112662","285045a6","T3750-S0001","common"
"ОАО ""БПА БЕЛСТРОЙИНДУСТРИЯ""","100234782","258736b6","T0746-S0001","common"
"ОАО ""БПХО""","200166488","7c515455","T3995-S0001","common"
"ОАО ""Брест-ВТИ""","200002340","e5fde98c","T0244-S0001","common"
"ОАО ""Брестжилпроект""","200215541","b09e3b09","T1029-S0001","common"
"ОАО ""Брестмаш""","200274559","7e2eed1d","T1057-S0001","common"
"ОАО ""Брестпроект""","200020247","06499e36","T0865-S0001","common"
"ОАО ""Брестская областная база ""Бакалея""","200014118","413d09d5","T0851-S0004","common"
"ОАО ""Брестский ЛВЗ ""Белалко""","200020127","63d5f868","T4736-S0001","common"
"ОАО ""Брестский мясокомбинат""","200020262","7e79b458","T0866-S0003","common"
"ОАО ""Брестский райагросервис""","200035054","0c9bf274","T0903-S0004","common"
"ОАО ""Брестский центральный универмаг""","200019441","ffb9823a","T0856-S0001","common"
"ОАО ""Брестский чулочный комбинат""","200007250","b4d5a403","T0166-S0001","common"
"ОАО ""Брестское мороженое""","290298676","6a609c8d","T1083-S0001","common"
"ОАО ""Брестское пиво""","200209849","fd3304b4","T1023-S0001","common"
"ОАО ""Брестхлебопродукт""","200127127","22eaf821","T0971-S0003","common"
"ОАО ""Бродец""","600036388","c0110999","T3562-S0001","common"
"ОАО ""БРТЗ""","200273907","92014dae","T1053-S0003","common"
"ОАО ""Буда-Кошелёво-агросервис""","400054133","56cdbcd5","T1328-S0001","common"
"ОАО ""Буевщина""","300033178","92dcdfc9","T3339-S0001","common"
"ОАО ""Булочно-кондитерская компания ""Домочай""","700036448","c6f0311a","T4784-S0001","common"
"ОАО ""Бумажная фабрика ""Спартак""","700032335","511f7d4a","T0246-S0003","common"
"ОАО ""Буровая компания ""Дельта""","400001679","40c9e484","T1250-S0001","common"
"ОАО ""Бытовые и полиграфические услуги ""Мстиславчанка""","700160772","f6ba014b","T4060-S0001","common"
"ОАО ""Бытуслуги г.Шклов""","700032031","b0daf37d","T4047-S0001","common"
"ОАО ""Быховрайбытуслуги""","700083369","2a68dd40","T4050-S0001","common"
"ОАО ""БЭЛЗ""","200007197","64376c0c","T0849-S0003","common"
"ОАО ""БЭМЗ""","200032892","d742d4c0","T0245-S0004","common"
"ОАО ""Валище""","200256305","ec2c3203","T5936-S0001","common"
"ОАО ""Ведренское-Агро""","300015774","29d82ba7","T3253-S0001","common"
"ОАО ""Великий Двор""","600022431","10668c80","T3661-S0001","common"
"ОАО ""Вертикаль""","600027313","99071615","T1669-S0001","common"
"ОАО ""ВЕРУС""","300061793","40cf94ce","T1174-S0006","common"
"ОАО ""Верховичский крахмальный завод""","200193428","a417c00a","T1014-S0001","common"
"ОАО ""Весейский Покров""","600043258","cc2850c7","T3423-S0001","common"
"ОАО ""Веста""","300200651","70fd9dea","T1224-S0001","common"
"ОАО ""Веста""","300200651","b2102f78","T1224-S0004P","preferred"
"ОАО ""Веста-Борисов""","600012029","992664ea","T3263-S0001","common"
"ОАО ""ВЗРД ""Монолит""","300050407","d0eeab9f","T2558-S0001","common"
"ОАО ""Видомлянское""","200193308","1585daf0","T1008-S0001","common"
"ОАО ""Викко""","300029572","59f223f0","T1137-S0001","common"
"ОАО ""Виктория-Агро""","600072178","87714df2","T3351-S0001","common"
"ОАО ""ВИЛЕЙСКИЙ РЕМОНТНЫЙ ЗАВОД""","600102170","ac7c402e","T1733-S0001","common"
"ОАО ""Винец""","200022410","abc76f86","T4393-S0001","common"
"ОАО ""ВИНКТЕХ ЛТ""","690660493","a0db1aff","T6090-S0001","common"
"ОАО ""ВИПЦ""","300125159","497694a5","T1212-S0001","common"
"ОАО ""ВИСТАН""","300029332","56cb7aa0","T3340-S0001","common"
"ОАО ""Витавтоматика""","300029095","8e41f180","T1130-S0001","common"
"ОАО ""Витебск-Белпромкультура""","300000278","4ec0c9eb","T1089-S0001","common"
"ОАО ""Витебскдрев""","300187428","f4243a2f","T0369-S0001","common"
"ОАО ""Витебские ковры""","300082076","c72add2d","T1205-S0001","common"
"ОАО ""Витебский МЭЗ""","300031680","d7ab7a53","T2299-S0004","common"
"ОАО ""Витебский облагросервис""","390286573","eaf19e80","T1245-S0003","common"
"ОАО "" Витебский универмаг""","300200161","8b8683a0","T1218-S0001","common"
"ОАО ""Витебский Хозторг""","300200544","ea33ca6c","T1222-S0001","common"
"ОАО ""Витебсклес""","300029146","63e3fc1a","T2297-S0003","common"
"ОАО ""Витебскмясомолпром""","300029118","4c53767f","T2296-S0001","common"
"ОАО ""Витебскоблавтотранс""","300029557","3acf657e","T3264-S0001","common"
"ОАО ""Витебскторгстрой""","300149316","8699669f","T1214-S0003","common"
"ОАО ""Витко-Агро""","600043245","73a26757","T3436-S0001","common"
"ОАО ""ВИТМИЛ""","300048156","5896a679","T1154-S0001","common"
"ОАО ""ВитТоргПроект""","300354771","0da7f60d","T1230-S0001","common"
"ОАО ""Вишневецкий-агро""","600022444","7d253273","T3682-S0001","common"
"ОАО ""ВМРЗ""","300001922","5ed69c65","T1095-S0001","common"
"ОАО ""Волковысский мясокомбинат""","500010152","410aacba","T1440-S0004","common"
"ОАО""Волковысское РСП №1""","500042176","bfc897cf","T2333-S0001","common"
"ОАО ""ВолМет"" г.Волковыск","500173502","5f0e519e","T1581-S0001","common"
"ОАО ""Володарский""","700083328","819a2e84","T5410-S0001","common"
"ОАО ""Воложинский льнокомбинат""","600018042","b7dfeab3","T1647-S0001","common"
"ОАО ""Воронино""","700084868","530eadd4","T4906-S0001","common"
"ОАО ""Вороновская сельхозтехника""","500007686","53ca80a4","T4401-S0001","common"
"ОАО ""Восток-Чирино""","300067592","be33af9b","T3459-S0001","common"
"ОАО ""ВОСХОД""","100233758","6d209397","T0745-S0001","common"
"ОАО ""Восход-Агро""","600027793","26c61f59","T3352-S0001","common"
"ОАО ""ВПЗ""","300048171","24f29a75","T1155-S0001","common"
"ОАО ""Газпром трансгаз Беларусь""","100219778","0f588e14","T0738-S0001","common"
"ОАО ""ГАЛАНТЭЯ""","100120113","dbef590c","T0713-S0001","common"
"ОАО ""Гамма вкуса""","600123341","a54bccf9","T2691-S0001","common"
"ОАО ""ГАП - 4"" г.Барановичи","200167522","963c2976","T0988-S0003","common"
"ОАО ""ГАРАНТ-СЕРВИС""","200364537","acbdbed1","T1071-S0003","common"
"ОАО ""Гастелловское""","600041944","b48ebd0d","T1689-S0001","common"
"ОАО ""ГАСТРОНОМ ""МОСКОВСКИЙ""","101174567","265678a6","T0810-S0004","common"
"ОАО ""Гвозница""","200078898","30507176","T5903-S0001","common"
"ОАО ""Герой""","300067510","8242cc58","T3601-S0001","common"
"ОАО ""Герой""","300067510","041a05a0","T3601-S0002P","preferred"
"ОАО ""ГЗСиУ""","400051810","795a1fdb","T3136-S0001","common"
"ОАО ""ГИАП""","500028540","3195a0ae","T0253-S0001","common"
"ОАО ""Гидросельмаш"" г.Пинск","200250853","f904e40e","T1042-S0001","common"
"ОАО ""Гипросвязь""","100230534","dac9aa89","T6110-S0001","common"
"ОАО ""ГКБ ""Луч""","400068368","967975ec","T4690-S0001","common"
"ОАО ""ГЛЗ ""ЦЕНТРОЛИТ""","400069522","7bdfe20e","T3170-S0001","common"
"ОАО ""Глусские Бытуслуги""","700100608","7b8ba0c0","T4083-S0001","common"
"ОАО ""ГМЗ""","500013376","23c60819","T0252-S0001","common"
"ОАО ""ГМРЗ""","400234911","fadc6536","T1408-S0001","common"
"ОАО ""Гольшанский крахмальный завод""","500173079","e0294fb3","T1580-S0001","common"
"ОАО ""Гомельагрокомплект""","400047886","7270ce25","T1313-S0001","common"
"ОАО ""Гомельагротранс""","400021458","ca048a1e","T3101-S0001","common"
"ОАО ""Гомельагроэнергосервис""","400068169","64441c46","T1344-S0001","common"
"ОАО ""ГомельАТЭП""","400063565","7584cf8f","T0185-S0003","common"
"ОАО ""Гомельдрев""","400021353","cdf1b4d8","T0249-S0009","common"
"ОАО ""Гомельжелезобетон""","400069589","5ef6efa8","T1349-S0001","common"
"ОАО ""Гомельжилпроект""","400022625","30361100","T1286-S0001","common"
"ОАО ""Гомельоблавтотранс""","400095349","e2863cee","T2577-S0001","common"
"ОАО ""Гомельоблагросервис""","490314169","0fa2ee0c","T1428-S0001","common"
"ОАО ""Гомельоблреклама""","400071204","bdd7dda5","T4028-S0001","common"
"ОАО ""Гомельпромбурвод""","400073250","c1a3a40c","T0250-S0001","common"
"ОАО ""Гомельремстрой""","490083924","b892bb21","T1417-S0001","common"
"ОАО ""Гомельская мебельная фабрика ""Прогресс""","400078768","af7d9659","T1372-S0001","common"
"ОАО ""Гомельский белково-жировой завод""","400047845","9253c212","T4340-S0001","common"
"ОАО ""Гомельский ДСК""","400071166","7e73efd0","T1352-S0003","common"
"ОАО ""Гомельский завод ""Импульс""","400047620","6b89ba77","T4027-S0001","common"
"ОАО ""Гомельский ликеро-водочный завод ""Радамир""","400078316","08248ad3","T4235-S0001","common"
"ОАО ""Гомельский мясокомбинат""","400078293","e71046b0","T1367-S0001","common"
"ОАО ""Гомельский специализированный комбинат""","400082389","9f5a02da","T1375-S0001","common"
"ОАО ""Гомельский химический завод""","400069905","0e8751b5","T2317-S0001","common"
"ОАО ""Гомельский центр восточных единоборств""","490176345","6da76206","T4389-S0001","common"
"ОАО ""Гомельский ЭМЗ""","400069507","f79507a1","T3226-S0001","common"
"ОАО ""Гомельское ПО ""Кристалл"" - управляющая компания холдинга ""КРИСТАЛЛ-ХОЛДИНГ""","400078252","aa3d93aa","T3188-S0001","common"
"ОАО ""Гомельстекло""","400051823","34fc1d9d","T1320-S0007","common"
"ОАО ""Гомельстройматериалы""","400051892","c1fad26e","T0167-S0005","common"
"ОАО ""Гомельторгавтотранс""","400095507","ebf50476","T1398-S0001","common"
"ОАО ""Гомельторгмаш""","400069563","aa4ecd99","T4739-S0001","common"
"ОАО ""Гомельторгтехника""","400069576","6c19f403","T4725-S0001","common"
"ОАО ""Гомельтранснефть Дружба""","400051494","28b518cb","T3265-S0001","common"
"ОАО ""Гомельхимсервис""","400010620","84ddadf0","T1265-S0004","common"
"ОАО ""Гомельхлебопродукт""","400010980","63e1d1e3","T1268-S0001","common"
"ОАО ""Горбаха""","200076017","9aef2f94","T5927-S0001","common"
"ОАО ""Горецкое""","700100942","5ebe46d9","T3533-S0001","common"
"ОАО ""Горизонт-ТВ""","790058904","c42ec736","T1968-S0001","common"
"ОАО ""Городец-агро""","200224866","e46f9571","T1033-S0001","common"
"ОАО ""Городилово""","600027885","f03409d5","T3405-S0001","common"
"ОАО ""Горынский комбинат строительных материалов""","291161560","9639c078","T4667-S0001","common"
"ОАО ""Гостиница ""Могилев""","700297857","bcd0e725","T3141-S0001","common"
"ОАО ""ГОСТИНИЦА ПЛАНЕТА""","100135173","f15c65bf","T0721-S0001","common"
"ОАО ""Гостиничный комплекс ""Жлобин""","490898232","bedb7a54","T3872-S0001","common"
"ОАО ""ГОТТЦ ""Гарант""","500044457","ed0456ba","T1529-S0001","common"
"ОАО ""Гранд Фэшен Хаус""","290671335","c692fd68","T2405-S0001","common"
"ОАО ""Гранит-Агро""","500055866","768d4b47","T5938-S0001","common"
"ОАО ""Грицевичи""","600123617","c1a2a3f4","T3367-S0001","common"
"ОАО ""Грицкевичи""","600032168","568cae3f","T3606-S0001","common"
"ОАО ""Гродненская обувная фабрика ""Неман""""","500055230","4ab9ac80","T1551-S0001","common"
"ОАО ""Гродненская табачная фабрика ""Неман""","500047627","05ddad4a","Tabak-S0001","common"
"ОАО ""Гродненский ликеро-водочный завод""","500037786","122dc51a","T4238-S0001","common"
"ОАО ""Гродненский мясокомбинат""","500043292","4642eded","T1528-S0005","common"
"ОАО ""Гродненский стеклозавод""","500028711","47c2566c","T1480-S0001","common"
"ОАО ""Гродноавтосервис""","500034363","9e40a89c","T1494-S0001","common"
"ОАО ""Гродно Азот""","500036524","cea458e5","T2329-S0001","common"
"ОАО ""ГродноАТЭП""","590001313","2fed21d0","T1598-S0003","common"
"ОАО ""Гродногазстройизоляция""","500013904","feb74850","T1451-S0001","common"
"ОАО ""Гродножелезобетон""","500463165","173c8eb8","T1593-S0001","common"
"ОАО ""Гродножилстрой""","500013575","85ae9640","Gr_ZS-S0003","common"
"ОАО ""Гродномонтажавтоматика""","500034496","2b237aaa","T1499-S0001","common"
"ОАО ""Гроднопромстрой""","500036537","7936469f","T1502-S0001","common"
"ОАО ""Гроднопромтехника""","500030475","78bd719a","T1487-S0001","common"
"ОАО ""Гроднорайагросервис""","500030462","3180ebff","T2327-S0001","common"
"ОАО ""Гродноторгреклама""","500034414","d59e7915","T1498-S0001","common"
"ОАО ""Гродноторгстрой""","500055271","d75501df","T1553-S0001","common"
"ОАО ""Гроднохлебпром""","500024239","44fd77ae","T4759-S0001","common"
"ОАО ""Гродторгмаш""","500059647","102cb0a3","GZTM-S0001","common"
"ОАО ""Группа компаний ""Полесьежилстрой""","291082287","440ea4ac","T4193-S0001","common"
"ОАО ""ГСКБ""","200244964","b1d5e143","T1039-S0001","common"
"ОАО ""ГУМ""","100063737","5a34eae7","T0674-S0003","common"
"ОАО ""Дабрабыт""","600031478","cce14a05","T1674-S0004","common"
"ОАО ""ДАНКО""","300003330","edb0970b","T1097-S0001","common"
"ОАО ""Данукалова-Агро""","300004166","83bef035","T3413-S0001","common"
"ОАО ""Дворецкий""","200173013","52cd2972","T5953-S0001","common"
"ОАО ""Дворец труда - Агро""","300016145","23a8d5d1","T3254-S0001","common"
"ОАО ""Д-Г ЭМЗ""","200211944","1067ab4f","T1026-S0004","common"
"ОАО ""Деменец""","300006618","a109ebc9","T3637-S0001","common"
"ОАО ""Дербин""","400008035","9c4fbb45","T4085-S0001","common"
"ОАО ""Деревное""","600014473","bfb6075f","T3570-S0001","common"
"ОАО ""Детский мир РТ""","500024772","77f03bed","T1474-S0001","common"
"ОАО ""Дзержинская швейная фабрика ""ЭЛИЗ""","600005572","98429524","T1609-S0001","common"
"ОАО ""Дзержинское агропромэнерго""","600113087","a6c92d8f","T1740-S0001","common"
"ОАО ""Дзержинское домостроительное управление""","600005664","9fadbdab","T1610-S0001","common"
"ОАО ""Диалог-Гомель""","400092988","02e7fff8","T3255-S0001","common"
"ОАО ""Днепро-Бугское""","200043173","bd19eda4","T0918-S0003","common"
"ОАО ""Добрица""","690026647","ed15e542","T3290-S0001","common"
"ОАО ""Добрушский комбинат бытового обслуживания""","400003508","54da8e88","T1251-S0001","common"
"ОАО ""Доваторский""","300033152","5f047f2c","T3282-S0001","common"
"ОАО ""Доломит""","300200623","a5fef978","T2304-S0001","common"
"ОАО ""Дом торговли""","300058954","ae15881f","T1167-S0001","common"
"ОАО ""Дом торговли Новополоцка""","300041243","291afaba","T1145-S0001","common"
"ОАО ""ДОМ ТОРГОВЛИ ""СВИСЛОЧЬ""","100079632","1db4baac","T0686-S0001","common"
"ОАО ""Дорожный""","400332850","50b1173c","T1412-S0001","common"
"ОАО ""ДОРОРС""","100065331","219d20a6","T3083-S0001","common"
"ОАО ""Дорстройиндустрия""","100211220","764208ef","T3250-S0001","common"
"ОАО ""Дорстроймонтажтрест""","100468835","5972f573","T3252-S0001","common"
"ОАО ""Достоево""","200075513","55cf3949","T5904-S0001","common"
"ОАО ""ДПТК""","200101299","305a3d4e","T0957-S0003","common"
"ОАО ""Друйский""","300060225","eb26ecfe","T4032-S0001","common"
"ОАО ""Друцк-АГРО""","300011661","56f0d0eb","T3401-S0001","common"
"ОАО ""ДСТ № 2,г.Гомель""","400022426","92d7c9b8","T1284-S0004","common"
"ОАО ""ДСТ № 3""","700049607","19fa6859","T2375-S0002","common"
"ОАО ""ДСТ № 4 г.Брест""","200274482","3957ca19","T1055-S0002","common"
"ОАО ""ДСУ - 45, г.Витебск""","390150694","9ce4cf03","T1242-S0001","common"
"ОАО ""Дубровенский райагросервис""","300067444","5901a5ae","T1184-S0004","common"
"ОАО ""Д-Эмбрэйс""","200100371","fd8b6e65","T0265-S0005","common"
"ОАО ""Дяковичи""","491084703","d686f599","T5327-S0001","common"
"ОАО ""Дятловский ликёро-водочный завод ""Алгонь""","500055215","74593e43","T5353-S0001","common"
"ОАО ""ЕВРОАТРА""","100922640","7ee7c83c","T0792-S0003","common"
"ОАО ""Жабинковский""","200038303","8d3d0cb4","T3266-S0001","common"
"ОАО ""Жабинковский комбикормовый завод""","200037613","576e3c7b","T2281-S0001","common"
"ОАО ""Жатерево""","600014432","34d0d2f8","T3594-S0001","common"
"ОАО ""Жвиранка""","300033203","63a0803e","T3283-S0001","common"
"ОАО ""Жеребковичи""","200058414","97307017","T5933-S0001","common"
"ОАО ""ЖИВИНКА""","100297129","be296055","T0757-S0001","common"
"ОАО ""Жилстрой""","300270521","bdfb3d0b","T1229-S0005","common"
"ОАО ""Житковичихимсервис""","490493318","75819b77","T1432-S0001","common"
"ОАО ""Житковичлес""","400049968","c482665b","T2788-S0004","common"
"ОАО ""Житковичский моторостроительный завод""","400049955","772c9853","T1315-S0001","common"
"ОАО ""ЖКФМ""","400075478","15afba3a","T1362-S0001","common"
"ОАО ""Жлобинмебель""","400075095","670a1a0d","T0258-S0001","common"
"ОАО ""Жлобинсельхозхимия""","490904356","fc1be85f","T4009-S0001","common"
"ОАО ""Жлобинское АТП""","400075465","adbdfdba","T1361-S0001","common"
"ОАО ""Жодинский торговый центр""","600039055","1e7031a0","T3322-S0001","common"
"ОАО ""Заболотский""","600020893","11ebcf76","T3394-S0001","common"
"ОАО ""Заболотье-агростандарт""","700021684","59ec6272","T3607-S0001","common"
"ОАО ""Забудова""","600042619","1c0011f0","T2355-S0001","common"
"ОАО ""Забудова""","600042619","3b6e2c32","T2355-S0002P","preferred"
"ОАО ""Забудова""","600042619","b589038b","T2355-S0003P","preferred"
"ОАО ""Забудова-строй""","101472731","0fcf9154","T0815-S0002","common"
"ОАО ""Забудова-строй""","101472731","64e0fbe9","T0815-S0003P","preferred"
"ОАО ""Забудова-торг""","600443007","afbef2e5","T1786-S0003","common"
"ОАО ""Забудова-торг""","600443007","9c9db07e","T1786-S0004P","preferred"
"ОАО ""ЗАВОД ""БЕЛПЛАСТ""","100008342","793e3fd4","T0621-S0001","common"
"ОАО ""Завод горного воска""","600125053","da122a14","T0259-S0003","common"
"ОАО ""Завод керамзитового гравия г.Новолукомль""","300015958","15e75699","T1114-S0001","common"
"ОАО ""ЗАВОД ПРОМБУРВОД""","100016923","57b82541","T0633-S0003","common"
"ОАО ""Завод Рембыттехника""","600153255","591a11d3","T1764-S0001","common"
"ОАО ""ЗАВОД СБОРНОГО ЖЕЛЕЗОБЕТОНА N1""","100028892","3ef0c96a","T0644-S0001","common"
"ОАО ""Завод сборного железобетона"" г. Барысаў","600012496","dd2c824e","T2348-S0001","common"
"ОАО ""ЗАВОДСКОЙ РАЙПИЩЕТОРГ""","100103703","f5267c40","T0704-S0001","common"
"ОАО ""Завод ""ЭВИСТОР""","300149331","a4513bab","T4078-S0001","common"
"ОАО ""ЗАВОД ""ЭЛЕКТРОНМАШ""","100074444","4bfef5b4","T4833-S0001","common"
"ОАО ""Завод Этон""","300008266","dbb3a8ac","T1105-S0001","common"
"ОАО ""Заднепровский межрайагросервис""","700010418","50df4503","T1820-S0001","common"
"ОАО ""Заднепровье""","700048575","8964d649","T2374-S0003","common"
"ОАО ""Задровье""","300008996","50a0533e","T3341-S0001","common"
"ОАО ""Залужье""","600028774","be0a7059","T3386-S0001","common"
"ОАО ""За мир""","200035848","d417fd64","T2552-S0001","common"
"ОАО ""Замосточанское""","300013756","34c11470","T3241-S0001","common"
"ОАО ""Занарочанский""","600057638","cc8e51cf","T3447-S0001","common"
"ОАО ""Заостровечье""","600123538","e0c19097","T3497-S0001","common"
"ОАО ""ЗАПАДЭЛЕКТРОСЕТЬСТРОЙ""","100119877","98cd85de","T0710-S0001","common"
"ОАО ""Запольское""","600011908","702d6ab6","T3961-S0001","common"
"ОАО ""Заря-Агро""","200073309","8bb59b45","T5359-S0001","common"
"ОАО ""Засковичи""","600027844","bdeaebb9","T3425-S0001","common"
"ОАО ""ЗАСЛАВЛЬБУРВОД""","600012787","cd9eba6c","T1624-S0001","common"
"ОАО ""Заславльстройиндустрия""","600021343","926f6f6e","T1654-S0001","common"
"ОАО ""Звезда""","490315180","e868d9b1","T4689-S0001","common"
"ОАО ""Знамя индустриализации""","300200360","a1326c99","T1220-S0005","common"
"ОАО ""Знамя Победы Агро""","300085751","db4bfa85","T3179-S0001","common"
"ОАО ""Золотая подкова""","300020547","16ff537a","T3353-S0001","common"
"ОАО ""ЗОРИНА""","100230639","81b21a6a","T0743-S0001","common"
"ОАО ""Ивановский райагросервис""","200073194","88d047cb","T0933-S0005","common"
"ОАО ""Иванский - Агро""","300016117","203f4948","T3256-S0001","common"
"ОАО ""Ивацевичдрев""","200100328","0d2efb7a","T0956-S0001","common"
"ОАО ""Ивацевичи-агрохимсервис""","200099579","cbc71ccf","T0954-S0001","common"
"ОАО ""Ивацевичистройпроект""","200101403","14ceed60","T3963-S0001","common"
"ОАО ""Игнатичи""","600041893","0e48c765","T3218-S0001","common"
"ОАО ""Изоляция""","200314418","ef46a6b0","T1068-S0001","common"
"ОАО ""Ильюшинский""","300006633","ff8208af","T3582-S0001","common"
"ОАО ""Имени К.И.Шаплыко""","600020865","6252061b","T3365-S0001","common"
"ОАО ""Именинский""","200098493","21d936f0","T5946-S0001","common"
"ОАО имени Скворцова и Майорова","600028825","bb1ae711","T3406-S0001","common"
"ОАО ""Инвет""","300062307","48d53951","Invet-S0004","common"
"ОАО ""Индустрия Капитал""","193979233","3788eb61","T9409-S0001","common"
"ОАО ""Институт БЕЛОРГСТАНКИНПРОМ""","100088758","6ddc613b","T3075-S0001","common"
"ОАО ""Институт ""Гомельагропромпроект""","400062967","a7559292","T1337-S0001","common"
"ОАО ""Институт Гомельгражданпроект""","400011073","d0456a0e","T4697-S0001","common"
"ОАО ""Институт ""Гродногипрострой""","500157772","27e0a6d6","T0190-S0001","common"
"ОАО ""ИНСТИТУТ ""МИНСКГРАЖДАНПРОЕКТ""""","600013280","9d563425","T1633-S0001","common"
"ОАО ""Институт ""Могилевгражданпроект""","700014773","06497624","T1828-S0001","common"
"ОАО ""ИнТриз""","200019375","5fe47e7f","T2270-S0003","common"
"ОАО ""Исерно""","600043378","c831c37d","T3202-S0001","common"
"ОАО ""Искож""","200250840","9b1e4874","T0313-S0001","common"
"ОАО ""ИСПЫТАНИЯ И СЕРТИФИКАЦИЯ БЫТОВОЙ И ПРОМЫШЛЕННОЙ ПРОДУКЦИИ ""БЕЛЛИС""","100083399","f849c9e9","T0688-S0001","common"
"ОАО ""Каганец""","600014445","68f9b184","T3597-S0001","common"
"ОАО ""Калинковичиторг""","490179303","1fe302dd","T3242-S0001","common"
"ОАО ""Калинковичихлебопродукт""","400055395","2b641e06","T1330-S0009","common"
"ОАО ""Калинковичский завод ЖБИ""","400055420","b535972c","T3086-S0001","common"
"ОАО ""Калинковичский мясокомбинат""","400023328","b0f93b69","T1288-S0005","common"
"ОАО ""Камайский-АГРО""","300077290","a98339fe","T3342-S0001","common"
"ОАО ""КАМВОЛЬ""","100074393","48d3a422","T0263-S0005","common"
"ОАО ""Капличи""","400054807","cf8b146e","T4339-S0001","common"
"ОАО ""КБР-УКХ-СР""","190699027","8880dea1","T3257-S0001","common"
"ОАО ""Квасевичи""","200103738","4446a175","T5948-S0001","common"
"ОАО ""Керамика""","300000303","4721c067","T0266-S0001","common"
"ОАО ""КЕРАМИН""","100297103","53c68422","T0267-S0003","common"
"ОАО ""Кидма тек""","191607211","ffc2f1ed","-S0001","common"
"ОАО ""Кирмаш""","400396898","96ed47b1","T4054-S0001","common"
"ОАО ""Клецкий комбикормовый завод""","600165936","b36f10f4","T0268-S0003","common"
"ОАО ""Климовичский КХП""","700103252","9a4e2df4","T0269-S0007","common"
"ОАО ""Климовичский ликеро-водочный завод""","700103211","08671a44","T4783-S0001","common"
"ОАО ""Климовичский Мир ТВ""","790197995","8e7d3a77","T4710-S0001","common"
"ОАО ""Кличевские Бытуслуги""","700000059","a98ede02","T4750-S0001","common"
"ОАО ""Княж""","300033137","23f4f4f8","T3284-S0001","common"
"ОАО ""Кобальт""","600095395","2302397f","T3984-S0001","common"
"ОАО ""Кобринагромаш""","200041594","becfc43b","T0913-S0001","common"
"ОАО ""Кобрин-Дизайн""","200042401","22b28346","T0915-S0001","common"
"ОАО ""Кобринремстрой""","200093555","4a3abdaf","T0944-S0001","common"
"ОАО ""Кобринский инструментальный завод ""СИТОМО""","200094005","6f1ab566","T3219-S0001","common"
"ОАО ""Кобринский МСЗ""","200093343","d4fde227","T0942-S0001","common"
"ОАО ""Козловичи-Агро""","600043429","876723e4","T3449-S0001","common"
"ОАО ""Колбча-Агро""","700000061","c8b28104","T5507-S0001","common"
"ОАО ""Колядичиагромаш""","190409456","edf23c56","T0828-S0001","common"
"ОАО ""Комбинат ""Восток""","400047567","4e134b3e","T4910-S0001","common"
"ОАО ""Комбинат школьного питания""","700010234","1d8433d5","T2370-S0001","common"
"ОАО ""Комбинат школьного питания ""Купалинка""","790223063","9b797c57","T1985-S0001","common"
"ОАО ""Коминтерн""","400010873","d069497c","T1267-S0003","common"
"ОАО ""Компаньон""","400075409","98678e42","T1360-S0004","common"
"ОАО ""Комплекс-партнёр""","400061243","c3adc79a","T2460-S0001","common"
"ОАО ""КОМПЛЕКТ""","100377927","33ad3548","T0772-S0003","common"
"ОАО ""Комсомольская правда""","300011659","04d1da3b","T3402-S0001","common"
"ОАО ""Кондитерская фабрика ""Слодыч""","100129695","89594d6c","T0720-S0001","common"
"ОАО ""Конструкторское бюро системного программирования""","400063473","2a493411","T2316-S0001","common"
"ОАО ""Коптевская Нива""","790218022","cdf76461","T3087-S0001","common"
"ОАО ""Кореличи-Лен""","500011424","5f870403","T1444-S0001","common"
"ОАО ""Кормаагросервис""","490313984","e59d8870","T1427-S0001","common"
"ОАО ""Корсаковичский""","690301821","2a80df74","T1796-S0003","common"
"ОАО ""Косино""","600019434","67da5d6a","T3564-S0001","common"
"ОАО ""Коссово""","200099247","fd273f07","T5569-S0001","common"
"ОАО ""Коссовское МПО""","200099007","416d8ae1","T0191-S0005","common"
"ОАО ""Коханово-АГРО""","300011646","9b7bb0ba","T3463-S0001","common"
"ОАО ""Крайск""","600041786","72468bb4","T3536-S0001","common"
"ОАО ""Крановый завод""","600154185","cac4bb26","T1768-S0001","common"
"ОАО ""Краснодворцы""","600071008","3e91f4dc","T3268-S0001","common"
"ОАО ""Красносельский торг""","500029414","47efcf0d","T1484-S0001","common"
"ОАО ""Красносельскстройматериалы""","590118065","0fcd3d23","T1600-S0010","common"
"ОАО ""Красный Октябрь""","300003144","1e28beed","T0193-S0003","common"
"ОАО ""Красный партизан""","200079243","ae3df0ee","T5956-S0001","common"
"ОАО ""Красный пищевик""","700067279","313a5933","T1887-S0003","common"
"ОАО ""КРИНИЦА""","100006988","84dd6453","T0612-S0004","common"
"ОАО ""КРИОН""","100297116","57184f4c","T0756-S0001","common"
"ОАО ""Кристалл-маг""","200168503","5709cfe0","T0991-S0001","common"
"ОАО ""Кричевский завод ЖБИ""","700048376","0b29c46b","T1865-S0001","common"
"ОАО ""Кричевский рынок""","700332293","0ac4bf69","T3157-S0001","common"
"ОАО ""Кричевцементношифер""","700179598","0361c54c","T4082-S0001","common"
"ОАО ""Круглянская Искра""","700107602","f1e583c8","T5964-S0001","common"
"ОАО ""Крутогорье-Петковичи""","600112675","cbbd3a97","T3748-S0001","common"
"ОАО ""КСП-92""","100144273","d5eddc2b","T2247-S0001","common"
"ОАО ""КСП-92""","100144273","0f7aa264","T2247-S0002P","preferred"
"ОАО ""Кузлитмаш""","200182698","ab0bdcea","T3122-S0001","common"
"ОАО ""КУПАЛИНКА"" г. Солигорск","600024633","3e83f2b5","T0372-S0004","common"
"ОАО ""Куритичи""","400031646","f24eb141","T4900-S0001","common"
"ОАО ""Курополье-агро""","300077247","e34ecb1f","T3330-S0001","common"
"ОАО ""Кухчицы""","600123540","942383da","T3808-S0001","common"
"ОАО ""Кушлики""","300076850","0874a9cc","T3222-S0001","common"
"ОАО ""Лакокраска"" г.Лида","500021625","a5ec82d0","T1469-S0003","common"
"ОАО ""Лань-Несвиж""","600038087","f1753cb1","T3588-S0001","common"
"ОАО ""Ласицк""","200079866","71009e75","T5925-S0001","common"
"ОАО ""Легпромцентр""","100003379","d53995a6","T2754-S0001","common"
"ОАО ""Лежни""","300035048","f8cdcd79","T3484-S0001","common"
"ОАО ""Лельчицкая ПМК-103""","400008658","e1b89796","T1261-S0001","common"
"ОАО ""Лельчицкий агросервис""","400009031","8c6e7a8b","T1262-S0005","common"
"ОАО ""Лента""","700002794","888c6742","T0144-S0006","common"
"ОАО ""Лента""","700002794","a5065ee3","T0144-S0007P","preferred"
"ОАО ""Лепельпромшвеймебель""","300038815","fcf2b58c","T1142-S0001","common"
"ОАО ""ЛЕСОХИМИК""","600012243","2543fc44","T0367-S0003","common"
"ОАО ""Лидагазстрой""","500256848","cc1a79e6","T1588-S0001","common"
"ОАО ""Лидагропроммаш""","590586728","9fbe5915","T1603-S0003","common"
"ОАО ""Лиданефтепродукт""","500021640","ac192db0","T1471-S0001","common"
"ОАО ""Лидапищеконцентраты""","500021268","416f2445","T1467-S0004","common"
"ОАО ""Лидастройматериалы""","500016071","0de15b9f","T2325-S0001","common"
"ОАО ""Лидахлебопродукт""","500022448","6c787a0f","T1472-S0007","common"
"ОАО ""Лидская обувная фабрика""","500015698","7c4666c5","T1456-S0001","common"
"ОАО ""Лидская СТО-1""","500016069","f7886249","T1458-S0003","common"
"ОАО ""Лидский завод электроизделий""","500021270","c52eb3e1","T1468-S0003","common"
"ОАО ""Лидский литейно-механический завод""","500016122","07b97d7b","T1459-S0001","common"
"ОАО ""Лидское пиво""","500022116","b672f31e","T2326-S0003","common"
"ОАО ""Лиозненский райагросервис""","300004140","ecfaca17","T1100-S0004","common"
"ОАО ""ЛИПНИКСКИЙ""","200098557","75012290","T5747-S0001","common"
"ОАО ""Литвяны-Агро""","600002346","0ab5255e","T3712-S0001","common"
"ОАО ""Литусово""","300027753","586bcfbd","T3332-S0001","common"
"ОАО ""ЛИФТСЕРВИС""","100088852","dcb902c4","T0277-S0001","common"
"ОАО ""ЛМЗ Универсал""","600122531","96d1a3b4","T1746-S0001","common"
"ОАО ""Локон""","200020050","6da81933","T0863-S0001","common"
"ОАО ""Локон""","400071194","4796dd82","T1353-S0001","common"
"ОАО ""Ломовичи""","400007728","4dda1bdd","T4183-S0001","common"
"ОАО ""Лорри-Сервис""","200246280","76c927b2","T1040-S0003","common"
"ОАО ""Лорри-Сервис""","200246280","38a93c4b","T1040-S0004P","preferred"
"ОАО ""Лоск""","600019620","14b1bbb0","T3464-S0001","common"
"ОАО ""Лошницкий комбикормовый завод""","600033881","2f297f08","T1680-S0001","common"
"ОАО ""ЛРМЗ""","300039495","b7102cb0","T1144-S0001","common"
"ОАО ""ЛРСП-17""","500016625","fbcd4dbb","T1462-S0001","common"
"ОАО ""Лукское""","490086076","34218b62","T4740-S0001","common"
"ОАО ""Лунинецлес""","200251040","f8260c94","T1046-S0001","common"
"ОАО ""Лыще""","200256318","88667d86","T5935-S0001","common"
"ОАО ""ЛЭМ""","300007839","5c4900b3","T1103-S0001","common"
"ОАО ""Любанский завод стеновых блоков""","600016596","30fa9866","T1640-S0001","common"
"ОАО ""Любиново""","300070811","ce5feca5","T3192-S0001","common"
"ОАО ""Люденевичи""","400050166","c5dc6f9b","T4769-S0001","common"
"ОАО ""Людмила-93""","700060090","47f51e3f","T1879-S0001","common"
"ОАО ""Ляховичский консервный завод""","200227306","ccbb7ff0","T1037-S0005","common"
"ОАО ""Ляховичский льнозавод""","200058029","884797f6","T0278-S0003","common"
"ОАО ""Магазин № 45. Продтовары""","400396474","e7c0eae7","T1414-S0001","common"
"ОАО ""Магазин ""Буратино""","200287003","f8de566f","T1062-S0001","common"
"ОАО ""МАГАЗИН ""ПУТЕЙНЫЙ""","101042721","dcc9eacb","T0797-S0001","common"
"ОАО ""Магазин ""Строитель""","700238227","fe94f54b","T1956-S0001","common"
"ОАО ""Магазин ""Юбилейный""","700052459","5b409f3b","T1872-S0001","common"
"ОАО ""МАГОЛ""","690000964","2de3991f","T1790-S0001","common"
"ОАО ""МАЗ"" - управляющая компания холдинга ""БЕЛАВТОМАЗ""","100320487","9462934d","T2403-S0001","common"
"ОАО ""Макарово-Агро""","200193244","c1dd84cf","T1006-S0001","common"
"ОАО ""Макеевичи""","700102894","093ec2ab","T3204-S0001","common"
"ОАО ""МАКРОДОР""","100059044","2290a0a1","T0670-S0001","common"
"ОАО ""МАЛЬВА""","100041360","ec61986b","T0650-S0001","common"
"ОАО ""МАПИД""","100008115","4e55f4e6","MAPID-S0003","common"
"ОАО ""Матеевичи""","200038584","e774e0a9","T5908-S0001","common"
"ОАО ""Машеровский""","200075462","23f0ab9b","T5352-S0001","common"
"ОАО ""Маяк-78""","600112700","bda31156","T3745-S0001","common"
"ОАО ""Маяк Высокое""","300009076","f06e7226","T3488-S0001","common"
"ОАО ""Мебель""","400025984","b83b95a9","T1292-S0001","common"
"ОАО ""Мебель Интерьер Центр""","100315420","0151c352","T0763-S0001","common"
"ОАО ""Медик""","400022319","15b96c15","T2962-S0001","common"
"ОАО ""Медицинская инициатива""","100828260","2f355bb1","T3129-S0001","common"
"ОАО ""Медпласт""","400063552","e755d427","T1342-S0003","common"
"ОАО ""Мекосан""","200121754","86a8d19d","T0969-S0001","common"
"ОАО ""Мерица""","300171257","e4809865","T3131-S0001","common"
"ОАО ""Меркурий-Борисов""","600236904","174b3f97","T3893-S0001","common"
"ОАО ""Меркурий и К""","600039068","5a28eca0","T2353-S0001","common"
"ОАО ""Металлоконструкции""","400051481","add29176","T1319-S0001","common"
"ОАО ""Мехколонна № 43, г.Витебск""","300125161","db074d16","T1213-S0001","common"
"ОАО ""МЗАЛ им. П.М. Машерова""","100316613","599b0b92","T4003-S0001","common"
"ОАО ""МЗОР""","100868495","9082eda9","T3653-S0001","common"
"ОАО ""Милкавита""","400068171","f9f31d50","T1345-S0006","common"
"ОАО ""МИНБАКАЛЕЯТОРГ""","100123059","a904b093","T0718-S0001","common"
"ОАО ""Миноблавтотранс""","600013199","aef719bc","T3292-S0001","common"
"ОАО ""Минобллифт""","690654706","3f18006b","T3209-S0001","common"
"ОАО ""МИНОТЕЛЬ""","100041411","38ef32d0","MINOT-S0003","common"
"ОАО ""Минская ПМК""","600052623","adde7f91","T3285-S0001","common"
"ОАО ""МИНСКВОДСТРОЙ""","600013209","aa9ae95f","T1632-S0001","common"
"ОАО ""МИНСКДРЕВ""","100023727","d063a5ff","T0638-S0001","common"
"ОАО ""МИНСКЖЕЛЕЗОБЕТОН""","100099082","600ae5d4","T0702-S0001","common"
"ОАО ""Минские телевизионные информационные сети""","100363958","5a555814","T3270-S0001","common"
"ОАО ""Минский Агросервис""","690654790","ba1fb9bc","T3224-S0001","common"
"ОАО ""Минский вагоноремонтный завод""","100122887","13eeb90a","T3294-S0001","common"
"ОАО ""МИНСКИЙ ДОМОСТРОИТЕЛЬНЫЙ КОМБИНАТ""","100258980","092bd8b2","T0749-S0001","common"
"ОАО ""МИНСКИЙ ЗАВОД ИГРИСТЫХ ВИН""","100349860","001608ec","T0766-S0001","common"
"ОАО ""МИНСКИЙ КОМБИНАТ ХЛЕБОПРОДУКТОВ""","600013186","6e5144bb","T1631-S0001","common"
"ОАО ""МИНСКИЙ МАРГАРИНОВЫЙ ЗАВОД""","100185236","b5de6d97","T0730-S0005","common"
"ОАО ""Минский молочный завод № 1""","100058367","5e4ab260","T0668-S0001","common"
"ОАО ""МИНСКИЙ НИИ РАДИОМАТЕРИАЛОВ""","100428401","f6608df8","T3220-S0001","common"
"ОАО ""МИНСКИЙ ПКТИ""","100017256","283e5f66","T0635-S0001","common"
"ОАО ""Минский Промтранспроект""","100364012","50de26c8","T3485-S0001","common"
"ОАО ""Минский часовой завод""","100230391","2dafa082","T0742-S0003","common"
"ОАО ""МИНСККОНТРАКТ""","100251588","b89c41e2","T2250-S0003","common"
"ОАО ""МИНСКМЕТРОПРОЕКТ""","100021050","fafad355","T0637-S0001","common"
"ОАО ""Минскоблагросервис""","600013451","dfadde50","T1636-S0001","common"
"ОАО ""Минское производственное кожевенное объединение"" Минский район","600208238","64a17a20","T1780-S0003","common"
"ОАО ""МИНСКРЕМСТРОЙ""","100056308","9899aac7","T0665-S0001","common"
"ОАО ""МИНСКСЕЛЬСТРОЙ""","600013464","a29d9ead","T0287-S0001","common"
"ОАО ""МинскСортСемОвощ""","600052664","07d3f778","T1704-S0001","common"
"ОАО ""МИНСКТОРГАВТОТРАНС""","100217272","da0ba054","T0288-S0001","common"
"ОАО ""МИНСКТОРГМАШ""","100103798","6950ae9e","T0289-S0001","common"
"ОАО ""Миорский райагросервис""","300070002","e4bcdd75","T1188-S0006","common"
"ОАО ""Мирополье""","600134365","f9e60697","T3414-S0001","common"
"ОАО ""МИСОМ""","100260116","9039c745","T0279-S0001","common"
"ОАО ""Михалевская Нива""","700044804","9ec08946","T5719-S0001","common"
"ОАО ""Мичуринск""","200099964","3ffda976","T5731-S0001","common"
"ОАО ""МЛЦ""","600052728","4132004f","T0292-S0001","common"
"ОАО ""ММЗ""","700123720","8dae7caa","T1938-S0001","common"
"ОАО ""ММУ НЕФТЕЗАВОДМОНТАЖ""","400089368","acc525fc","T0280-S0001","common"
"ОАО ""МНИПИ""","100039847","764e1036","T0281-S0001","common"
"ОАО ""Могилевгазстрой""","700009334","dff80cf6","T0172-S0001","common"
"ОАО ""Могилевдрев""","700049449","903d422d","T1869-S0004","common"
"ОАО ""Могилевпромбурвод""","700007410","4cde1be8","T0294-S0001","common"
"ОАО ""Могилевская СПМК № 109""","700002633","14bdfc23","T1800-S0001","common"
"ОАО ""Могилевская фабрика мороженого""","700014931","8abc5a9f","T1829-S0003","common"
"ОАО ""Могилевский мясокомбинат""","700116386","cefc6174","T1936-S0003","common"
"ОАО ""Могилевское агентство регионального развития""","791031268","b40e777a","T5944-S0001","common"
"ОАО ""Могилевтехмонтаж""","700015210","2705b2c2","T1834-S0001","common"
"ОАО ""Могилевторгтехника""","700113412","c92432a4","T4709-S0001","common"
"ОАО ""Могилевхимволокно""","700117487","8b3eb381","T1937-S0004","common"
"ОАО ""Моготекс""","700116054","1e108663","T0295-S0003","common"
"ОАО ""МОЖЕЛИТ""","700049410","b092b337","T1868-S0001","common"
"ОАО ""Мозырский АРЗ""","400084047","d75a112d","T3117-S0001","common"
"ОАО ""Мозырский деревообрабатывающий комбинат""","490617960","0775f18e","T5602-S0001","common"
"ОАО ""Мозырский завод ЖБИ № 5""","400083995","3d61d4ec","T3993-S0001","common"
"ОАО ""Мозырский машиностроительный завод""","400088849","70fe0bf7","T1389-S0001","common"
"ОАО ""Мозырский НПЗ""","400091131","269c297f","T1391-S0001","common"
"ОАО ""Мозырский спиртоводочный завод""","400084274","ee5659fc","T4745-S0001","common"
"ОАО ""Мозырьпиво""","400083173","45cdc37e","T1378-S0003","common"
"ОАО ""Мозырьсоль""","400087365","baee0120","T1385-S0001","common"
"ОАО ""Мозырьтехсервис""","490803579","43741b2f","T2699-S0001","common"
"ОАО ""Мозырьхимсервис""","400012503","221d9ad4","T1269-S0004","common"
"ОАО ""Моисеевка""","400007503","da45f9df","T4055-S0001","common"
"ОАО ""Мокраны""","200078908","5706cc37","T5355-S0001","common"
"ОАО ""Молодая гвардия""","200034719","7aee8685","T5923-S0001","common"
"ОАО ""Молодечненская гостиница""","690032112","a01ad46c","T3300-S0001","common"
"ОАО ""Молодечненский завод металлоконструкций""","600136845","14019611","T4785-S0001","common"
"ОАО ""Молочные горки""","700101290","117a46d9","T2379-S0001","common"
"ОАО ""Молочный Мир""","500040357","2654fa08","T1506-S0001","common"
"ОАО ""Мормаль""","400013951","eddd8f69","T4766-S0001","common"
"ОАО ""Морочь""","600123604","bf18eb1c","T3554-S0001","common"
"ОАО ""Мосарлён""","391531178","b64671c5","T4830-S0001","common"
"ОАО ""МОССТРОЙКОМПЛЕКТ""","101305916","b2e33761","T0813-S0001","common"
"ОАО ""Мостовдрев""","500126145","28af4f43","T0302-S0008","common"
"ОАО ""Мостострой""","100121122","46aff4b3","T3147-S0001","common"
"ОАО ""Мотекс""","500047308","ef91e14b","T4096-S0001","common"
"ОАО ""МПЗ""","100103346","b4c37ccf","T0282-S0004","common"
"ОАО ""МПМК-198""","600095686","ffb5ed94","T1729-S0001","common"
"ОАО ""МПОВТ""","100346861","d5caace1","T2253-S0001","common"
"ОАО ""Мурава""","200027333","18229a08","T0893-S0001","common"
"ОАО ""МШФ ""НАДЭКС""","400086726","81ce7913","T1383-S0001","common"
"ОАО ""МЭТЗ ИМ. В.И.КОЗЛОВА""","100211261","96833905","T4768-S0001","common"
"ОАО ""Мядельское агропромэнерго""","600456184","e7214966","T1788-S0001","common"
"ОАО ""МЯСОМОЛМОНТАЖ""","100016288","0c15b629","T0628-S0001","common"
"ОАО ""Наваколле""","191923668","fd184720","T4471-S0001","common"
"ОАО ""Наднеман""","600002305","882b6f3b","T3717-S0001","common"
"ОАО ""Наровлянский завод гидроаппаратуры""","400019498","11493549","T4829-S0001","common"
"ОАО ""Наровлянский комбинат бытового обслуживания""","400056335","08fe2e58","T1332-S0001","common"
"ОАО ""Нарочанские зори""","600010876","5f6bd86f","T3498-S0001","common"
"ОАО ""Нафтан""","300042199","3ea0f012","T1149-S0003","common"
"ОАО ""Немки""","490771096","c8b400dd","T4852-S0001","common"
"ОАО ""Неначское""","400055780","018aa856","T4722-S0001","common"
"ОАО ""НеоТрейдЗапад""","500167057","9cf6b45c","T1578-S0001","common"
"ОАО ""НЕРПА-91""","100010052","72f17aef","T0624-S0001","common"
"ОАО ""НЕРУДПРОМ""","100016844","6a3df383","T0305-S0001","common"
"ОАО ""Несвижские Островки""","600032196","7b5bef33","T3644-S0001","common"
"ОАО ""Несвижский райагросервис""","600031636","68f1a1ab","T1677-S0005","common"
"ОАО ""Несвижское ПМК-23""","691875189","52dccbcf","T5961-S0001","common"
"ОАО ""Нестановичи-Агро""","690657600","1e0968bb","T4730-S0001","common"
"ОАО ""Нест Эгг""","193182650","5eee61d9","T6532-S0001","common"
"ОАО ""Нефтезаводмонтаж"", г.Новополоцк","300041470","8481a461","T2300-S0001","common"
"ОАО ""НЗГА""","500235715","123146bc","T1586-S0001","common"
"ОАО ""НИИ Стройэкономика""","100363999","339cd177","T3482-S0001","common"
"ОАО ""НИКА"" г.Витебск","300003356","cb28c6dc","T2294-S0001","common"
"ОАО ""Николаевка""","400054279","839eb5c1","T4888-S0001","common"
"ОАО ""Николаевский""","300070681","21eb2bdf","T3132-S0001","common"
"ОАО ""НКФО ""Белинкасгрупп""","807000270","250c4c8a","T6159-S0001","common"
"ОАО ""НКФО ""ЕРИП""","807000268","6f1eb74a","T5382-S0001","common"
"ОАО ""Новая Вилия""","600010822","eb949853","T3225-S0001","common"
"ОАО ""Новая Друть""","700082413","d745b21e","T1904-S0018","common"
"ОАО ""Новая жизнь""","600038074","866be2d2","T1686-S0001","common"
"ОАО ""Новая Любания""","600010983","da27a64c","T3556-S0001","common"
"ОАО ""Новогородищенское""","700026829","f93c784e","T1851-S0001","common"
"ОАО ""Новогрудский завод металлоизделий""","500052918","a0a3acfa","T4742-S0001","common"
"ОАО ""Новогрудский комбинат школьного питания""","590249710","51080044","T1601-S0001","common"
"ОАО ""Новогрудское СМУ""","500024731","fbb0c5a1","T0307-S0001","common"
"ОАО ""Новодворское-агро""","290481563","aeabf016","T1087-S0001","common"
"ОАО ""Новополесский""","600061509","d4c71b92","T3325-S0001","common"
"ОАО ""Новополоцкбыт""","300075111","0d99c38d","T1198-S0001","common"
"ОАО ""Новоселки-Лучай""","300085764","c010fb15","T3223-S0001","common"
"ОАО ""Новоселковский""","200041660","0bd9ffa5","T5341-S0001","common"
"ОАО ""Новые Горяны""","300454749","4f14fba2","T3248-S0001","common"
"ОАО ""Новый Бор""","600116099","b8d42771","T3523-S0001","common"
"ОАО ""НПО Центр""","100931291","7e8709a2","T4781-S0001","common"
"ОАО НТК ""Алеся""","400030267","895f46cf","T1296-S0001","common"
"ОАО ""Нурово""","300061566","4c530771","T3301-S0001","common"
"ОАО ""Обольский керамический завод""","300035579","4357b090","T4792-S0001","common"
"ОАО ""Обольцы""","300011421","828cc4d4","T3499-S0001","common"
"ОАО ""Обувь""","700181573","aae4f88a","T1949-S0001","common"
"ОАО ""ОБУВЬТОРГ""","100262652","0caf5dbf","T3328-S0003","common"
"ОАО ""Общепит ""Школьник""","200167591","8f45b0e2","T0989-S0001","common"
"ОАО ""Озерицкий-Агро""","690363881","77b4dcd0","T5922-S0001","common"
"ОАО ""ОЗТРАНС""","600306519","d47ab852","T1785-S0001","common"
"ОАО ""ОИЗ""","300207906","1ac216d9","T3302-S0001","common"
"ОАО ""Октябрьрайагросервис""","400030969","41f919dd","T1297-S0004","common"
"ОАО ""ОЛЦ ""БелТекс""","100230654","f7ea0be9","T5988-S0001","common"
"ОАО ""ОМЗ""","100615733","6b77d138","T4396-S0001","common"
"ОАО ""Ополь-Агро""","200075291","49db8f23","T5348-S0001","common"
"ОАО ""ОПЫТНЫЙ ЗАВОД МЕТАЛЛОКОНСТРУКЦИЙ""","100135691","a00a614c","T0725-S0003","common"
"ОАО ""Опытный рыбхоз ""Белое""","400044330","b712bb93","T1307-S0001","common"
"ОАО ""Опытный рыбхоз ""Селец""","200022691","81a29b1a","T0872-S0001","common"
"ОАО Ордена ""Знак Почета"" ""Автокомбинат №4""","100320382","a229b6e0","T2806-S0001","common"
"ОАО ""Орля""","500000097","a183db9c","T5867-S0001","common"
"ОАО ""ОРС Гомель""","400051678","2fe77972","T3068-S0001","common"
"ОАО ""Оршаагропроммаш""","300051602","7e39827d","T1161-S0001","common"
"ОАО ""Оршанский КХП""","300054086","ad6ae137","T0309-S0004","common"
"ОАО ""Оршанский ОМЗ ""Металлист""","300207630","525cb002","T3985-S0001","common"
"ОАО ""Осиповичский комбинат общественного питания""","700052951","c640a3a6","T1876-S0001","common"
"ОАО ""Осиповичский консервный завод""","700052936","41364819","T1874-S0003","common"
"ОАО ""Осиповичский хлебозавод""","700052872","7061dd74","T4786-S0001","common"
"ОАО ""Оснежицкое""","200079483","89f3dd9f","T0937-S0003","common"
"ОАО ""Осовец-агро""","600020824","0fc3f182","T3428-S0001","common"
"ОАО ""Осташковичи""","400019671","36eeb362","T4758-S0001","common"
"ОАО ""Отель""","400021644","773b7797","T1283-S0001","common"
"ОАО ""Папшули""","300070732","e6d44213","T3135-S0001","common"
"ОАО «Паритетбанк»","100233809","cb757572","PARI-S0004","common"
"ОАО «Паритетбанк»","100233809","517c13a7","PARI-S0005P","preferred"
"ОАО ""Пастовичи""","600028759","ba0c6aca","T3500-S0001","common"
"ОАО ""ПЕЛЕНГ""","100230519","d95327de","T2249-S0001","common"
"ОАО ""Пераможник""","400032351","2ce87838","T4705-S0001","common"
"ОАО ""Первомайск-агро""","591867699","1ced04f8","T5354-S0001","common"
"ОАО ""Первомайский""","600036495","977863c7","T3889-S0001","common"
"ОАО ""Передвижная механизированная колонна № 69""","600000236","ac869d38","T1606-S0001","common"
"ОАО ""Песковское""","200025129","eac4b4d5","T4037-S0001","common"
"ОАО ""Пивоваренная компания Аливария""","100128525","c5698293","T0719-S0005","common"
"ОАО ""Пивоваренная компания Аливария""","100128525","cfa29f41","T0719-S0006P","preferred"
"ОАО ""ПИНЕМА""","200187659","20cbecc2","T1003-S0002","common"
"ОАО ""ПИНЕМА""","200187659","efafa72e","T1003-S0003P","preferred"
"ОАО ""Пинскводстрой""","200111686","8623dba6","T3303-S0001","common"
"ОАО ""Пинский КХП""","200278860","9e108265","T1061-S0005","common"
"ОАО ""Пинский мясокомбинат""","200301991","a21b4b61","T2290-S0001","common"
"ОАО ""Пинский ОМЗ""","200294708","af2e9295","T0315-S0001","common"
"ОАО ""Пинский ордена Знак Почета ССРЗ""","200278488","56c29fb1","T3119-S0001","common"
"ОАО ""Пинское АТП""","200111709","6a14bedb","T0963-S0001","common"
"ОАО ""Пинское РСУ""","200201822","4296f485","T1019-S0003","common"
"ОАО ""Пинскрайагросервис""","200111765","830485f4","T0964-S0006","common"
"ОАО ""Пионер-Агро""","600018558","c6ad06e8","T3368-S0001","common"
"ОАО ""Планар""","100104937","372f256b","T4775-S0001","common"
"ОАО ""Племзавод Мухавец""","200034800","7521f695","T5906-S0001","common"
"ОАО ""ПМК-18"" г.Пинск","200201743","e3fd63ae","T1018-S0001","common"
"ОАО ""ПМК-212"" г.Молодечно","600077325","9879da25","T1721-S0001","common"
"ОАО ""ПМК-217""","600031360","f068c326","T1672-S0001","common"
"ОАО ""ПМК-32""","600077220","1f1cf262","T1720-S0001","common"
"ОАО ""ПМК-4""","600012853","df1cbd0e","T1627-S0001","common"
"ОАО ""ПМК-42""","600012838","a14ce3ae","T1625-S0001","common"
"ОАО ""ПМК-71""","600044147","d4fdd3ea","T1698-S0001","common"
"ОАО ""ПМК-72"", Смолевичский район","600017311","253f86c1","T0311-S0001","common"
"ОАО ""ПМК-73"", Стародорожский район","600026649","b9c01a3c","T1667-S0001","common"
"ОАО ""ПМК-82 Водстрой""","700081708","65158793","T1903-S0001","common"
"ОАО ""ПМК- 86 ""Водстрой""","700099818","38c8962a","T1923-S0001","common"
"ОАО ""ПМК - 87 Водстрой""","700101803","a1bd6c29","T1927-S0001","common"
"ОАО ""ПМК 88"", Вилейский район","600010728","a1770aa8","T1616-S0001","common"
"ОАО ""ПМК-88 Водстрой""","790167086","2f81d5c1","T1973-S0001","common"
"ОАО ""ПМК-92 Водстрой""","790167178","6cd8b8a6","T1981-S0001","common"
"ОАО ""ПМК-95 ""Водстрой""","700029090","ff4357fb","T1856-S0001","common"
"ОАО ""ПМК-97 Водстрой""","700109064","8e438cd8","T1935-S0001","common"
"ОАО ""ПМК №143"" г. Волковыск","500029269","b9455497","T1481-S0001","common"
"ОАО ""Победа""","200100116","c16b0227","T5945-S0001","common"
"ОАО ""Погостский""","600036189","2ffb74f2","T3552-S0001","common"
"ОАО ""Подлесье-2003""","600043352","3a1428fe","T3387-S0001","common"
"ОАО ""Покровский""","200227786","370f12cb","T5344-S0001","common"
"ОАО ""Полеспечать""","400062502","31065a60","T1336-S0001","common"
"ОАО ""Полесские журавины""","200497792","dfc37f80","T3035-S0001","common"
"ОАО ""Полесье""","200286262","e17e3751","T0201-S0004","common"
"ОАО ""Полесье""","490315231","12cbd72d","T5398","common"
"ОАО ""Полесьегипроводхоз""","200286617","58218146","T3305-S0001","common"
"ОАО ""Полесьежилстрой""","200050191","34d27cf8","T0923-S0001","common"
"ОАО ""Полесьестрой""","400083079","389974eb","T3186-S0001","common"
"ОАО ""Полесьетехинформатика""","200287363","c50704b4","T0319-S0001","common"
"ОАО ""ПОЛИГРАФКОМБИНАТ ИМ.Я.КОЛАСА""","100299680","88e1d4e7","T0760-S0001","common"
"ОАО ""Полимер""","200194120","fb5c6e69","T1017-S0001","common"
"ОАО ""Положевичи""","600028812","64ebbc5c","T3439-S0001","common"
"ОАО ""Полоцкбыт""","390095616","81d6e288","T1240-S0001","common"
"ОАО ""Полоцкий КХП""","300075004","1f0617a4","T0320-S0005","common"
"ОАО ""ПолоцкСтройМатериалы""","300058913","159bb71c","T4733-S0001","common"
"ОАО ""Полоцк-торг""","300058650","591dd3f8","T4756-S0001","common"
"ОАО ""Полыковичи""","700020621","943b1bb6","T5722-S0001","common"
"ОАО ""Поставский молочный завод""","300567362","128956a1","T1236-S0004","common"
"ОАО ""Поставымебель""","300077778","853c7b4c","T1201-S0001","common"
"ОАО ""Потсдам"" г. Лида","500277983","a9f73c69","T4177-S0001","common"
"ОАО ""ПОЭЗ""","600043074","eae5ef60","T1693-S0001","common"
"ОАО ""Правда-С""","300067628","10f621c6","T3521-S0001","common"
"ОАО ""Правда-С""","300067628","cf9171b2","T3521-S0002P","preferred"
"ОАО ""Прайм Парк""","500045892","f003e52e","T1531-S0003","common"
"ОАО ""Прайм Парк""","500045892","b4d2e232","T1531-S0005P","preferred"
"ОАО ""Прайм Парк""","500045892","50c272eb","T1531-S0006P","preferred"
"ОАО ""Према""","700204693","01a3cba4","T1953-S0001","common"
"ОАО ""Премьерлизинг""","101499224","9159edab","T2992-S0001","common"
"ОАО ""Преснаки""","600018412","5855310e","T3416-S0001","common"
"ОАО ""Привольный агро""","700023738","958d1c89","T5358-S0001","common"
"ОАО ""Приднепровье""","400315195","84ffe6d0","T1411-S0001","common"
"ОАО ""Приозерный мир""","300034968","14efdde4","T4371-S0001","common"
"ОАО ""ПРОГРЕСС""","100346859","a88b9ca3","T0764-S0008","common"
"ОАО ""Прогресс 2010""","600018440","300a2914","T3407-S0001","common"
"ОАО ""Продтовары""","200019837","45dd556e","T2274-S0001","common"
"ОАО ""Проземле-Агро""","300016158","63b7b5ca","T3344-S0001","common"
"ОАО ""ПРОМАГРОЛИЗИНГ""","690034197","5c7f18aa","T1794-S0001","common"
"ОАО ""Промресурс-инвест""","391485215","422fbbb7","T4230-S0001","common"
"ОАО ""ПРОМСВЯЗЬ""","100299757","61fba3c8","T6109-S0001","common"
"ОАО ""Промстройсистема""","100035576","98d8138c","T3998-S0001","common"
"ОАО ""ПРОМТЕХМОНТАЖ""","100185330","dfc38de2","T0731-S0003","common"
"ОАО ""Проскурнянский""","490664547","b661c917","T4779-S0001","common"
"ОАО ""Профитагро-БЕЛ""","600028840","83cd5c0f","T3454-S0001","common"
"ОАО ""Прудинки""","300062468","218aa331","T3357-S0001","common"
"ОАО ""Прудокское""","490175231","166ab201","T4375-S0001","common"
"ОАО ""Пружанский консервный завод""","200025979","e7bcfeb6","T0878-S0004","common"
"ОАО ""Пружанский райагросервис""","200026868","59b3bd1c","T2278-S0005","common"
"ОАО ""Пружанское""","200502164","36c6599e","T1076-S0001","common"
"ОАО ""ПСВ""","300059047","8e535b65","T1168-S0001","common"
"ОАО ""Птицефабрика Велятичи""","600034160","4bd0a723","T2636-S0001","common"
"ОАО ""Птицефабрика Городок""","390374176","1a42e760","T3440-S0001","common"
"ОАО Птицефабрика ""Рассвет""","400047993","5e88a694","T1314-S0001","common"
"ОАО ""Путь новый""","200058085","10ccb916","T5931-S0001","common"
"ОАО ""Пуховичинефтепродукт""","600125012","8b115ca2","T1755-S0001","common"
"ОАО ""Пуховичский комбинат хлебопродуктов""","600124787","2d8c909d","T0175-S0001","common"
"ОАО ""Пуховичское агропромэнерго""","600116193","ba3cd557","T1741-S0001","common"
"ОАО ""ПЭМ""","200295122","6a64bd39","T0316-S0003","common"
"ОАО ""Радиотехника""","500227068","5b39c1d1","T0326-S0001","common"
"ОАО ""Радостовский""","200098529","18ce7f37","T5950-S0001","common"
"ОАО ""Рассвет им.К.П.Орловского""","700016020","b8e83b15","T4059-S0001","common"
"ОАО ""РЕЗИНОТЕХНИКА""","600101927","0b3f2968","T1730-S0001","common"
"ОАО ""Рембыттехника""","400093609","e28c38eb","T1397-S0001","common"
"ОАО ""РЕМЖИЛСТРОЙ""","100044821","563fb403","T0652-S0001","common"
"ОАО ""РЕМИЗ""","600039361","68e51543","T0327-S0001","common"
"ОАО ""Ремонтник Плюс""","400092337","d5eb4705","T1393-S0001","common"
"ОАО ""Ремспецстрой""","400089370","676173c6","T0328-S0001","common"
"ОАО ""РЕСТОРАН ""АРБАТ""","100217152","25811757","T0737-S0001","common"
"ОАО ""РЕСТОРАН ""БЕЛАРУС""","100055804","6e4a7c63","T0663-S0001","common"
"ОАО ""Речень""","600020773","ef33ea11","T3398-S0001","common"
"ОАО ""Речицаагротехсервис""","490313849","548f61d1","T1425-S0001","common"
"ОАО ""Речицадрев""","400025915","0f492f1d","T0329-S0007","common"
"ОАО ""Речицкий КХП""","400145266","9e6d5cca","T1400-S0001","common"
"ОАО ""Речицкий межрайавтотранспорт""","400227087","78a1c6c2","T1406-S0001","common"
"ОАО ""Речицкий текстиль""","400016802","8dd96e17","T1276-S0001","common"
"ОАО ""Решающий""","600071738","528c53ff","T3388-S0001","common"
"ОАО ""РМЗ""","400024166","53602bb6","T4013-S0001","common"
"ОАО ""Рованичи""","600004257","1c4e1759","T3557-S0001","common"
"ОАО ""Ровбицкое""","200254606","6af56e98","T1048-S0001","common"
"ОАО""Рогачевгазстрой""","400173376","bcfd90a0","T1402-S0003","common"
"ОАО ""Рогачевский агросервис""","400010289","eac260fe","T2310-S0001","common"
"ОАО ""Рогачевский МКК""","400046241","2bbf73c3","T0368-S0001","common"
"ОАО ""Рогачевстрой""","400173389","82821209","T1403-S0001","common"
"ОАО ""Рогозницкий крахмальный завод""","500196148","f57bede7","T1583-S0001","common"
"ОАО ""Родина""","200026602","a59612ef","T0886-S0001","common"
"ОАО ""Родина""","400054942","4d138dc2","T4004-S0001","common"
"ОАО ""Родина Якуба Коласа""","600014509","12b75784","T3603-S0001","common"
"ОАО ""Роднянский""","700102838","a4b18aeb","T4879-S0001","common"
"ОАО ""РСУ ""МЯСОМОЛОКО"" г. Слуцк","600154328","e125e497","T1769-S0001","common"
"ОАО ""Рубежевичи""","600022457","f194eefb","T3574-S0001","common"
"ОАО ""Рубежница""","300004750","cc4cb5cf","T3419-S0001","common"
"ОАО ""Рубин""","590334633","635fff6d","T4000-S0001","common"
"ОАО ""РУДЕНСК""","600124825","1103211b","T1752-S0003","common"
"ОАО ""Рудея Гранд""","700024747","b5d067d5","T5508-S0001","common"
"ОАО ""Ружаны-Агро""","200026046","ed362934","T0880-S0004","common"
"ОАО ""Рыбокомбинат ""Любань""","600017046","dc96673a","T1642-S0001","common"
"ОАО ""РЫБХОЗ ""ВОЛМА""","600204179","d55ab053","T1776-S0001","common"
"ОАО ""Рыбхоз ""Грицево""","600213529","fa6644f3","T1781-S0001","common"
"ОАО ""Рыбхоз Красная Слобода""","600033322","52251efc","T1679-S0001","common"
"ОАО ""Рыбхоз ""Полесье""","200111247","3f51564e","T0961-S0001","common"
"ОАО ""Рыбхоз ""Свислочь""","790083290","18ccf9a2","T1969-S0001","common"
"ОАО ""Рыбхоз Солы""","500063056","6ecf6798","RSOLY-S0002","common"
"ОАО ""Рыбхоз ""Тремля""","400065422","94005e65","T1343-S0001","common"
"ОАО ""Савушкина пуща""","200193392","82a173e7","T1013-S0001","common"
"ОАО ""Савушкин продукт""","200030514","8f0a39de","SavPr-S0003","common"
"ОАО ""САЛЕО-Гомель""","400051624","2e832fdc","T4777-S0001","common"
"ОАО ""САЛЕО-Кобрин""","200093330","7d5ae0d2","T0941-S0001","common"
"ОАО ""Санаторий ""Озёрный""","590833407","e24dc2a8","T2342-S0001","common"
"ОАО ""Сантехэлектромонтаж""","400052115","baa70c38","T2314-S0001","common"
"ОАО ""Сахарторг""","400078372","c0ea9937","T1371-S0004","common"
"ОАО ""Сбер Банк""","100219673","f627d0f5","SberB-S0009","common"
"ОАО ""Сбер Банк""","100219673","8e140d27","SberB-S0010P","preferred"
"ОАО ""Свiтанак"" г. Жодино","600038919","a9bf1872","T0335-S0001","common"
"ОАО ""Сватки""","600061141","bc495e2e","T3469-S0001","common"
"ОАО ""Светлогорский завод ЖБИиК""","400005115","8c5e255a","T1255-S0001","common"
"ОАО ""Светлогорский ЦКК""","400004877","09437cc1","T0334-S0001","common"
"ОАО ""Светлогорский энергосервис""","400020926","edf52030","T4640-S0001","common"
"ОАО ""СветлогорскХимволокно""","400031289","84f6fbfe","T4012-S0001","common"
"ОАО ""Свинокомплекс Негновичи""","691921149","f3acf623","T5741-S0001","common"
"ОАО ""Свирь-агро""","600057773","06cd358c","T3453-S0001","common"
"ОАО ""Свислочьремстрой""","500002429","838358db","T1435-S0001","common"
"ОАО ""Святая Воля""","200099221","ed4de209","T5939-S0001","common"
"ОАО ""СГЦ ""Заречье""","400010051","cf44b923","T4008-S0001","common"
"ОАО ""Сейловичи""","600032183","08db431c","T3649-S0001","common"
"ОАО ""Сейсмотехника""","400079509","2b5c4b5a","T1374-S0001","common"
"ОАО ""Селевцы""","690019777","f7bc8406","T3389-S0001","common"
"ОАО ""Селекционно-гибридный центр ""Вихра""","700021352","b762eb24","T4571-S0001","common"
"ОАО ""Селекционно-гибридный центр ""Западный""","200034946","f9d6583a","T4721-S0001","common"
"ОАО ""Сельцы""","300021451","e47beeb1","T3359-S0001","common"
"ОАО ""Семежево""","600018573","98804867","T3470-S0001","common"
"ОАО ""Серталит""","101297989","33c20684","T4148-S0001","common"
"ОАО ""СИГМА""","100061959","0cb9f25b","T0672-S0001","common"
"ОАО ""Скабин""","600018481","cf4fe8c3","T3430-S0001","common"
"ОАО ""Скарблизинг""","101254331","983106b1","T0812-S0001","common"
"ОАО ""СКБЗ ""Альбертин""","500040691","5976b4d6","T0180-S0001","common"
"ОАО ""Сковшин""","600072165","4cd8ca32","T3360-S0001","common"
"ОАО ""Славное""","300011595","a7c856a3","T3466-S0001","common"
"ОАО ""Славянка""","700060126","3576f3d6","T1881-S0001","common"
"ОАО ""Слободка-агро""","391021988","8d1441b8","T3247-S0001","common"
"ОАО ""Слониммебель""","500523227","d0af44be","Slmeb-S0005","common"
"ОАО ""Слонимская КПФ""","500041182","85bd4590","T1519-S0005","common"
"ОАО ""Слонимский агросервис""","500057736","648f793e","T1564-S0003","common"
"ОАО ""Слонимский мясокомбинат""","500041325","2d8403f8","T1522-S0001","common"
"ОАО ""Слуцкая мебельная фабрика""","600155393","b8d91915","T0336-S0003","common"
"ОАО ""Слуцкая фабрика пошива одежды""","600154407","793a4216","T1771-S0001","common"
"ОАО ""Слуцкий мясокомбинат""","600119108","547295fe","T1744-S0005","common"
"ОАО ""Слуцкий сахарорафинадный комбинат""","600075003","e816a443","T2363-S0001","common"
"ОАО ""Слуцкий сыродельный комбинат""","600119098","1ecbd739","T1743-S0007","common"
"ОАО ""СЛУЦКПРОМБУРВОД""","600043776","793a2584","T0338-S0001","common"
"ОАО ""СММ""","200250986","9788023a","T1045-S0001","common"
"ОАО ""Смолевичи Бройлер""","600046788","829f15f6","T2634-S0001","common"
"ОАО ""Смолевичский завод железобетонных изделий""","600024023","73950ef0","SZZHI-S0003","common"
"ОАО ""Смолевичский РКБО""","600024036","59f4ec17","T3504-S0001","common"
"ОАО ""Сморгонский агрегатный завод""","500232200","f04d2cfb","T5077-S0001","common"
"ОАО ""Сморгоньагросервис""","500063122","7fdb0cf1","T2339-S0001","common"
"ОАО ""СМТ № 19""","500021255","e7756fef","T1466-S0001","common"
"ОАО ""СМТ №27""","400179374","ce9f7fe7","T1404-S0001","common"
"ОАО ""СМТ №41"" г.Сморгонь","500053294","e1c23f65","T1547-S0004","common"
"ОАО ""Снитово-Агро""","200075355","48d73af7","T5949-S0001","common"
"ОАО ""Совтехэкспорт""","191310889","e299f2ed","T2967-S0001","common"
"ОАО ""Совхоз Киселевичи""","700044582","916683b5","T3476-S0001","common"
"ОАО ""Совхоз-комбинат ""Сож""","400047406","1cf5501b","T1311-S0001","common"
"ОАО ""Соколовщина""","300061645","5dc46f26","T3361-S0001","common"
"ОАО ""Солигорская автобаза""","600072668","06bec679","T5720-S0001","common"
"ОАО ""Солигорскводстрой""","600028496","fbdab96f","T2350-S0004","common"
"ОАО ""Солигорский ДСК""","600024738","6e8eb3e3","T0203-S0001","common"
"ОАО ""Солигорскпроект""","600024618","7db3b1f5","T4398-S0001","common"
"ОАО ""Солигорскторг""","600122715","c4460650","T3175-S0001","common"
"ОАО ""СОЮЗПИЩЕПРОМ""","100053656","163c1a22","T0655-S0006","common"
"ОАО ""Союзпроммонтаж""","500036552","f74aefdb","T2330-S0001","common"
"ОАО ""Союзпромтехмонтаж""","500065763","6e237258","T1568-S0001","common"
"ОАО ""Спадчына""","500444007","a03e93e2","T3982-S0001","common"
"ОАО ""Спецавтоматика""","200032134","03161249","T0899-S0001","common"
"ОАО ""СПЕЦМОНТАЖАВТОМАТИКА""","100010024","a9c0d0a3","T0623-S0001","common"
"ОАО ""СПЕЦМОНТАЖСТРОЙ""","100036332","d56a8098","T0648-S0001","common"
"ОАО ""Спецмонтажстрой-179""","700012410","ac8c8263","T0341-S0001","common"
"ОАО ""Спецмонтажстрой №180""","400083926","a2dfdef2","T1381-S0001","common"
"ОАО ""Спецпромавтоматика""","400063511","0bec55ee","T1340-S0001","common"
"ОАО ""Спецстроймеханизация"" г.Молодечно","600222312","ff8b910f","T1782-S0001","common"
"ОАО ""СПМК-27 г.Полоцк""","300058635","a76181d3","T1165-S0001","common"
"ОАО ""СПМК-28""","200181954","00a3da0f","T1000-S0001","common"
"ОАО ""СПМК-4"" г. Гродно","500055269","b90a2f1e","T1552-S0001","common"
"ОАО ""СПМК-68 г.Гродно""","500043223","2f124179","T1527-S0001","common"
"ОАО ""СПМК-81""","100120062","50d9dc10","T2397-S0001","common"
"ОАО ""Спорово""","200022079","fad5966d","T4391-S0001","common"
"ОАО ""СП-Строй""","400051637","7262047b","T4683-S0001","common"
"ОАО ""СРСУ-3 г.Новополоцк""","300041705","a17fcca5","T0331-S0001","common"
"ОАО ""Ставокское""","200112136","fb3fd714","T5916-S0001","common"
"ОАО ""СтанкоГомель""","400085002","65e8a9e9","T3098-S0001","common"
"ОАО Станкозавод ""Красный борец""","300053207","2a597a95","T3151-S0001","common"
"ОАО ""СТАНКОСТРОИТЕЛЬНЫЙ ЗАВОД им. С.М. КИРОВА""","100071274","cda92150","T3739-S0001","common"
"ОАО ""СТАРАЯ ФАБРИКА""","100640022","720084bf","T0255-S0001","common"
"ОАО ""Старобинский""","600071171","f89f1678","T3274-S0001","common"
"ОАО ""Стародорожский райагросервис""","600026692","55298938","T1668-S0005","common"
"ОАО ""Стародорожское""","600028838","81a8822e","T3442-S0001","common"
"ОАО ""Старый Универмаг""","400214178","069b5ec7","T1405-S0003","common"
"ОАО ""СтатусБанк""","807000043","38ae9751","T1997-S0004","common"
"ОАО ""Стешицы""","600011007","510a94c7","T3541-S0001","common"
"ОАО ""СТО № 2 г.Гродно""","500013894","d9236b0b","T1450-S0001","common"
"ОАО ""Столбунский""","490771106","7e00348a","T5041-S0001","common"
"ОАО ""Столбцовская ПМК""","600027420","c6a38930","T3382-S0001","common"
"ОАО ""Столбцовский кирпичный завод""","600047225","26802709","T2356-S0001","common"
"ОАО ""Столбцовский райагросервис""","600022181","b81dcebc","T1657-S0005","common"
"ОАО ""Столичный проспект""","290984478","b5f85405","T2677-S0001","common"
"ОАО ""Строитель""","500260683","cfbab791","T1589-S0001","common"
"ОАО ""Строительный трест № 14""","400078622","287fd42c","T3195-S0001","common"
"ОАО ""Строительный трест № 21""","600126616","f293fc28","T1758-S0004","common"
"ОАО ""Строительный трест № 8""","200002603","df53b0b5","T0847-S0003","common"
"ОАО ""Строительный трест № 9, г.Витебск""","300029266","125415d5","T1133-S0001","common"
"ОАО ""Стройвектор"" г.Лида","500052178","20afbe27","T1545-S0001","common"
"ОАО ""Стройдетали""","600246748","a8c3572a","T1783-S0001","common"
"ОАО ""СТРОЙКОМПЛЕКС""","100289293","470a27ff","T0343-S0001","common"
"ОАО ""СТРОЙМАШ""","100104712","a0723f74","T0707-S0001","common"
"ОАО ""СТРОЙМЕХСЕРВИС""","600038990","06de2b98","T2352-S0001","common"
"ОАО ""Стройсервис-Молодечно""","600077139","5a59ccbf","T1719-S0001","common"
"ОАО ""СТРОЙТРЕСТ N1""","100288960","556a81c5","T0753-S0001","common"
"ОАО ""Стройтрест N7""","100512859","147d1a8a","T2256-S0001","common"
"ОАО ""Стройтрест №2""","200182552","c23c4b15","T1001-S0001","common"
"ОАО ""Стройтрест № 20""","400005263","cdf16ea0","T1256-S0001","common"
"ОАО ""Стройтрест №25""","200168373","a32291b8","T0990-S0001","common"
"ОАО ""СТРОЙТРЕСТ №35""","100289278","edc66220","T0754-S0001","common"
"ОАО ""Стройтрест № 3 Ордена Октябрьской революции""","600122771","c0ad6109","T0340-S0001","common"
"ОАО ""СТРОЙТРЕСТ № 4""","100055368","328750bb","T0661-S0001","common"
"ОАО ""Студенка""","300026558","19ebb440","T3383-S0001","common"
"ОАО ""СУ-153"" г.Борисов","600135785","9d3eb1e8","T1761-S0001","common"
"ОАО ""СУМ-96""","100098987","ea9cd54a","T0701-S0001","common"
"ОАО ""Табаквинторг""","400078357","1254575c","T1370-S0005","common"
"ОАО ""ТАиМ""","700067480","00684c29","T1889-S0001","common"
"ОАО ""Татьяна""","400068248","8ef1615e","T1346-S0001","common"
"ОАО ""ТБЗ Неман""","600014723","be8a7a0a","T3121-S0001","common"
"ОАО ""ТД ""Речицкий""","400054000","83e8ef80","T1326-S0005","common"
"ОАО ""Телеханский завод столярных изделий""","200099487","d7945ae0","T0953-S0001","common"
"ОАО ""Телеханы-агро""","200099206","ef9d5a3a","T5734-S0001","common"
"ОАО ""Теплоэнергетик, г.Витебск""","300002270","d9014eef","T1096-S0001","common"
"ОАО ""Технобанк""","100706562","d1150d3b","TB_BY-S0005","common"
"ОАО ""Технобанк""","100706562","45921b8d","TB_BY-S0006P","preferred"
"ОАО ""Техобслуживание 17 км""","690652637","956f0b79","T2402-S0001","common"
"ОАО ""Техсервис-Долгое""","600033256","bbdd0f87","T1678-S0001","common"
"ОАО ""ТехЭнергоМонтаж""","600035736","2018a066","T1685-S0001","common"
"ОАО ""Тимирязевский""","600018425","40ff3f21","T3506-S0001","common"
"ОАО ""Типография ""Победа""","600074908","5c63200a","T4407-S0001","common"
"ОАО ""Тираспольская ПМК""","300125146","a9cc8b69","T1211-S0001","common"
"ОАО ""Тираспольский агротехсервис""","300064100","cc054b42","T1178-S0001","common"
"ОАО ""Тишовка""","790218114","7952577d","T3287-S0001","common"
"ОАО ""ТОЛЛ""","193468503","2ac8c01f","T8765-S0001","common"
"ОАО ""Толочинский райагросервис""","300028905","2c1de3a0","T1128-S0004","common"
"ОАО ""Торгмаш""","200166490","0ed4a9f5","MIM-S0001","common"
"ОАО ""Торговля""","700054224","8ccd9e72","T1877-S0001","common"
"ОАО ""Торговое предприятие ""Надзея""","200094074","dc4a6361","T0946-S0001","common"
"ОАО ""Торгово-логистический центр ""Озерцо-логистик""","600052730","fa52f8e7","T2360-S0001","common"
"ОАО ""Торгово-производственная фирма ""Лида""","500016574","b1d58c1b","T1460-S0001","common"
"ОАО ""Торгово-сервисный центр""","590062591","d4ecaf06","T1599-S0001","common"
"ОАО ""Торговый дом ""Витебск""","691811167","adc811bf","T5617-S0001","common"
"ОАО ""Торговый дом ""Сож""","400093119","b586e8a2","T3836-S0001","common"
"ОАО ""Торговый дом Универсал-Маркет""","200020288","c74c5c86","T2276-S0001","common"
"ОАО ""Торговый центр""","400004545","c4fa380f","T1254-S0005","common"
"ОАО ""ТОРГОДЕЖДА""","100289398","e4f98089","T0755-S0001","common"
"ОАО ""ТОРГСЕРВИС"", г. Борисов","600135295","34912846","T1760-S0001","common"
"ОАО ""ТОРГТЕХНИКА""","101186030","095c84e9","T4770-S0001","common"
"ОАО ""Торгуны""","300014290","3faf2e28","T3276-S0001","common"
"ОАО ""Торфопредприятие Днепровское""","700083371","bd207d43","T3088-S0001","common"
"ОАО ""ТПК ""Ракан""","600154144","de67645b","T1766-S0001","common"
"ОАО ""ТРАНСТЭКС""","100211404","01455298","T0736-S0001","common"
"ОАО ""Трест № 15 ""Спецстрой""","100139750","5ca1e225","TR-15-S0002","common"
"ОАО ""Трест № 16, г.Новополоцк""","300041468","8fe161af","T0182-S0001","common"
"ОАО ""Трест № 40""","400076022","f042a842","T1364-S0001","common"
"ОАО ""Трест Белпромналадка""","100039819","ff84bd03","T-BPN","common"
"ОАО ""ТРЕСТ БЕЛСАНТЕХМОНТАЖ №1""","100039862","bd0c1310","T0347-S0001","common"
"ОАО ""Трест Шахтоспецстрой""","600122529","01fdcb21","T1745-S0001","common"
"ОАО ""ТРИКОТАЖТОРГ""","100185103","c35b8210","T0728-S0001","common"
"ОАО ""Трилесино-агро""","700085877","1efa3c08","T4084-S0001","common"
"ОАО ""ТРК ""Телевид""","400026036","c5f71d7c","T3140-S0001","common"
"ОАО ""Труд""","500045744","0c3b72b4","T1530-S0001","common"
"ОАО ""Труд-Витебск""","390183553","69ce3cdf","T2306-S0001","common"
"ОАО ""Туристический комплекс ""Брест-Интурист""","200019786","4a6aeb3d","T0860-S0001","common"
"ОАО ""Турково""","300070717","02a785e3","T3200-S0001","common"
"ОАО ""Туровский молочный комбинат""","490871155","85cd8d7c","TurMK-S0001","common"
"ОАО ""Туровщина""","490526759","1ef526cc","T2872-S0001","common"
"ОАО ""ТЦ ""Альтенбург""","500389437","0b7c96e3","T1592-S0001","common"
"ОАО ""Тышковичи-Агро""","200076180","b5ea7ad6","T4409-S0001","common"
"ОАО ""Узмёнский край""","300070758","370cb86b","T3199-S0001","common"
"ОАО ""УКХ ""БКМ""","100205408","ccc0147d","T3685-S0001","common"
"ОАО ""Ульяновичи""","300026560","ffff53a0","T3385-S0001","common"
"ОАО ""УльяновскоеАгро""","700024895","e1a2d3d4","T5089-S0001","common"
"ОАО ""УМ N79""","100090613","62fa6c7e","T0693-S0001","common"
"ОАО ""Универмаг ""Гомель""","400091489","d20be026","T1392-S0001","common"
"ОАО ""Универмаг ""Кобрин""","200500677","b52d99bb","T1075-S0001","common"
"ОАО ""Универмаг Октябрьский""","700010288","d0238089","T1818-S0001","common"
"ОАО ""Универмаг ""Центральный""","700002659","957f5abb","tsumM-S0001","common"
"ОАО ""Универсалремстрой""","600013408","41e8bb65","T1634-S0001","common"
"ОАО ""Универсалторг"" г.Новолукомля","390216011","2fc5403d","T1243-S0001","common"
"ОАО ""Универсам Пинск""","200181939","f6755ff4","T0998-S0001","common"
"ОАО ""УНИВЕРСАМ РИГА""","100299678","dc7ef76f","T0759-S0005","common"
"ОАО ""УНИВЕРСАМ ""ТРАКТОРОЗАВОДСКОЙ""","100017044","e601c717","T2238-S0001","common"
"ОАО ""Универсам ""Юбилейный""","400024748","28fa4cc8","T1290-S0004","common"
"ОАО ""УНР КЭУ""","100363960","825c5fa4","T0769-S0001","common"
"ОАО ""УПРАВЛЕНИЕ МЕХАНИЗАЦИИ N12""","100006551","37be8d92","T0611-S0001","common"
"ОАО ""УПРАВЛЕНИЕ МЕХАНИЗАЦИИ N91""","100055130","3831a014","T0658-S0001","common"
"ОАО ""Управляющая компания холдинга ""Белавтодор""","192008095","8e8a5f70","RCCBy-S0001","common"
"ОАО ""Управляющая компания холдинга ""Белорусские обои""","100063724","313a3c77","T0220-S0001","common"
"ОАО ""Управляющая компания холдинга ""Бобруйскагромаш""","700067572","2c223fd0","T1890-S0001","common"
"ОАО ""Управляющая компания холдинга ""Гомельская мясо-молочная компания""","490653138","0dbe7b2a","T2986-S0001","common"
"ОАО ""Управляющая компания холдинга ""Лидсельмаш""","500021638","a0581946","T1470-S0003","common"
"ОАО ""Управляющая компания холдинга ""Могилёвводстрой""","700189880","a8aaf11a","T1952-S0001","common"
"ОАО ""УПТК - Заславль""","600012840","7c9bfe7e","T1626-S0001","common"
"ОАО ""Уречский""","600020760","2a5b9b00","T3399-S0001","common"
"ОАО ""Уша""","600036505","f6643c9f","T3543-S0001","common"
"ОАО ""Фабрика Блауз""","600136873","4566c1c8","T1763-S0003","common"
"ОАО ""Фабрика индпошива и ремонта одежды""","700015172","550f4238","T1832-S0001","common"
"ОАО ""ФАБЭКС""","190007967","71a37b72","T0818-S0001","common"
"ОАО ""ФанДОК""","700060473","c94718e9","T1883-S0001","common"
"ОАО ""Фанипольский РМЗ""","600104847","c862f551","T1734-S0001","common"
"ОАО ""Фирма ""Элма""","200295587","d923a018","T2289-S0004","common"
"ОАО ""Фокус""","700010512","2d1390d7","T2371-S0001","common"
"ОАО ""Форелевое хозяйство ""Лохва""","790899876","402b204b","T6257-S0001","common"
"ОАО ""Хальч""","400053193","c4bdbe76","T2550-S0001","common"
"ОАО ""Хатьковцы""","500029654","8b19cca5","T3443-S0001","common"
"ОАО ""Химчистка и стирка белья""","700033806","d03e33aa","T3074-S0001","common"
"ОАО ""ХМЕЛЕВО""","200216058","4ddabbf3","T5900-S0001","common"
"ОАО ""Хойникский завод гидроаппаратуры""","400056483","e8a98bef","T4763-S0001","common"
"ОАО ""Хорошее""","600223439","33f17dc8","T3569-S0001","common"
"ОАО ""ХОРОШЕЕ НАСТРОЕНИЕ""","100097687","e23614bf","T0699-S0001","common"
"ОАО ""Хотилы-Агро""","300085777","a65ab78b","T3307-S0001","common"
"ОАО ""Хотимский льнозавод""","700024111","ab62f33d","T1845-S0001","common"
"ОАО ""ЦАУК""","100035920","d36a07f9","T0647-S0004","common"
"ОАО ""Центр банковских технологий""","101349508","5a34e878","T6272-S0001","common"
"ОАО ""Центр бытовых услуг""","390467630","4e7f9cf8","T1249-S0001","common"
"ОАО ""Центр медицинской косметологии""","700010446","efadc155","T3943-S0001","common"
"ОАО ""ЦЕНТР МОДЫ""","100649747","685e5c6b","T0162-S0001","common"
"ОАО ""ЦентроСтройОфис""","191303207","602bba56","T2772-S0001","common"
"ОАО ""ЦЕНТРОЭНЕРГОМОНТАЖ""","100092167","01bd3dd7","T0695-S0003","common"
"ОАО ""Центр стоматологии""","700451319","fe8b9b2e","T6371-S0001","common"
"ОАО ""ЦУМ МИНСК""","100346874","4d7fc6fc","T0765-S0003","common"
"ОАО ""Чайка"" г. Гродно","500048013","97dca3b0","T1536-S0001","common"
"ОАО ""Чаусский ЖБИ""","700025240","37fae35d","T1848-S0001","common"
"ОАО ""Чашникиспецодежда""","300015733","58c4d416","T1112-S0001","common"
"ОАО ""Челющевичи""","400031554","2281b5cc","T9632-S0001","common"
"ОАО ""Черейщина""","300039150","26d9d9f9","T3236-S0001","common"
"ОАО ""Черлёна""","500126066","5f85542f","T1574-S0003","common"
"ОАО ""Чернавчицкий завод ЖБИ""","200034706","6f9e9201","T0901-S0001","common"
"ОАО ""Чернавчицы""","200034974","048e1561","T5915-S0001","common"
"ОАО ""Черневичи""","300020521","c3196875","T3384-S0001","common"
"ОАО ""ЧерневкаАгро""","700085956","2e9ea640","T5721-S0001","common"
"ОАО ""ЧТЗ-сервис""","600022577","e97f1aed","T1658-S0001","common"
"ОАО ""Чурлёны""","600011035","2a310c14","T3524-S0001","common"
"ОАО ""Шайтерово""","300061594","f5991681","T3327-S0001","common"
"ОАО ""Шарковщинский агротехсервис""","300032965","66f553b5","T1139-S0006","common"
"ОАО ""Шашки""","600022429","099f923b","T3619-S0001","common"
"ОАО ""Швейная фирма ""Юнона""","600183184","e4dc3dbc","T2365-S0003","common"
"ОАО ""Шершуны-Агро""","690654548","aba800e9","T3001-S0001","common"
"ОАО ""Шкловский маслодельный завод""","700026660","9067dd48","T1850-S0001","common"
"ОАО ""Школьник"" г.Пинск","200297549","8b7c387c","T1064-S0001","common"
"ОАО ""Щедринское""","400013313","a6fb9652","T4748-S0001","common"
"ОАО ""Щомыслица""","600041916","fbe6e841","T4168-S0001","common"
"ОАО ""Щучинагропродукт""","500000028","8b6e97fe","T4712-S0001","common"
"ОАО ""Щучинагрохимсервис""","500031747","6a745d87","T1493-S0001","common"
"ОАО ""Щучинский завод ""Автопровод""","500017371","0ca2f00a","T1463-S0001","common"
"ОАО ""Экзон""","200433278","823d6ab5","T3153-S0001","common"
"ОАО ""Эковер ПРО""","790368703","03f72858","T1989-S0001","common"
"ОАО ""Экологическая сельскохозяйственная компания Ганьсу-Бел""","690298393","35f9bded","T1795-S0003","common"
"ОАО ""Экомол""","300073213","0e300c07","T1192-S0003","common"
"ОАО ""Экран""","700164196","f1cb4c7b","T2381-S0001","common"
"ОАО ""Экспериментальная база""Вольно""","200047179","80f472e5","T4780-S0001","common"
"ОАО ""Экспериментальная база ""Глуск""","700099596","d614d3a9","T4880-S0001","common"
"ОАО ""ЭКТБ""","100071261","5e71ca14","T0679-S0001","common"
"ОАО ""Элегант""","400078331","d72a70f5","T1369-S0001","common"
"ОАО ""Элегант""","600039318","7976464a","T1688-S0001","common"
"ОАО ""ЭЛЕКТРОМОДУЛЬ""","600066462","8d68b3ea","T1707-S0005","common"
"ОАО ""ЭлектроТехРемонт""","700010275","faba2c08","T1817-S0001","common"
"ОАО ""ЭЛЕКТРОЦЕНТРМОНТАЖ""","190006177","c8377e35","T0817-S0003","common"
"ОАО ""ЭЛЕКТРУМ""","100118403","d6c82a84","T0709-S0001","common"
"ОАО ""ЭЛЕМА""","100074549","739b3658","ELEMA-S0002","common"
"ОАО ""ЭЛЕМА""","100074549","a6387023","ELEMA-S0003P","preferred"
"ОАО ""Элсан""","300049790","e45d2781","T1159-S0001","common"
"ОАО ""Энергия Агро""","693271491","8791575f","T7667-S0001","common"
"ОАО ""Энергоэффект""","100196007","5d847eb4","T0733-S0001","common"
"ОАО ""ЭнКоСтрой""","191303197","df9a1fd1","T2773-S0001","common"
"ОАО ""ЭнРиКоБ""","200002246","ed7cb481","T0845-S0001","common"
"ОАО ""ЭНЭФ""","600073968","76e720e1","T1715-S0001","common"
"ОАО ""ЭРКОН""","100191592","28220661","T0358-S0001","common"
"ОАО ""Якубово-Агро""","300067523","de8ba478","T3525-S0001","common"
"ОАО ""Якубово-Агро""","300067523","5e7ad514","T3525-S0002P","preferred"
"ОАО ""Яновица-агро""","300077313","2fe2c4c1","T3235-S0001","common"
"ОАО ""Ярево-агро""","300077206","1fe49358","T3213-S0001","common"
"ОАО ""Ясень"" г.Гродно","500110597","23851f54","T1570-S0001","common"
"Облагропромэнерго ЗАО","500055335","6d6eb839","T4131-S0001","common"
"ООО ""Дата Хаб""","192845638","ea4e7e62","-S0001","common"
"ООО ""НЭИТ БиУай""","100928332","428b904f","T5808-S0001","common"
"ООО ""СэндГревэл""","192041177","3f06c18e","T5390-S0001","common"
"Ошмяны-лён ОАО","500117073","cdaf00e9","T1571-S0001","common"
"ПКЗАО ""БЕЛУАЗАВТОСЕРВИС""","100652014","4e1977d0","T5716-S0001","common"
"""ПМК-89 Водстрой""","790167137","0380b50d","T1978-S0001","common"
"ПолиКонсалт ОАО","600493509","ba8de0e5","T1789-S0001","common"
"ППТИ Агрострой ОАО","100056231","8c05feed","T0664-S0001","common"
"ПРИНКОМ ЗАО","100146633","8207cabb","T5628-S0001","common"
"""Приорбанк"" ОАО","100220190","20732b4c","T0146-S0009P","preferred"
"""Приорбанк"" ОАО","100220190","a97f1fed","T0146-S0012","common"
"ПРОМИНЖИНИРИНГ ЗАО","190318017","6019c1ef","T5816-S0001","common"
"Промсервис-АгроИнвест ИЗАО","191101216","4d94645a","T2831-S0001","common"
"ПС ЗАО ""ТРЕСТ ПРОМСТРОЙ""","100011299","91111591","T2479-S0001","common"
"ПТЗАО ""ИНТЕПРОМ""","100125909","2ba2b8d4","T5854-S0003","common"
"Публичное акционерное общество ""Сбербанк России""","7707083893","f82f312b","T9260-S0003E","common"
"Пугачи ОАО","600019618","8fbb7558","T3468-S0001","common"
"Пущанское","200027359","c3001cce","T0894-S0001","common"
"Рациональный дом ОАО","190055195","31f4655d","T0820-S0001","common"
"Рефлектор","191296406","6308cb0f","T2646-S0001","common"
"Родовест ЗАО","191104838","b9161db9","T3146-S0001","common"
"СБА ЗАСО ""Купала""","500048039","80f750ff","T3069-S0004","common"
"Светлогорскпромстрой ОАО","490564355","2bb7954c","T3921-S0001","common"
"СДСК ОАО","400024628","f3e6e0bc","T1289-S0003","common"
"СЗАО ""Агрокомбинат ""Колос""","190464733","4ee58444","T4470-S0001","common"
"СЗАО ""Агролинк""","790260260","e060b35a","T6351-S0001","common"
"СЗАО ""Аркпоинт""","101205288","b60cd8e0","T4245-S0001","common"
"СЗАО ""АСБИС""","100079992","f0d09b08","T4628-S0001","common"
"СЗАО ""Асфальтобетонный завод""","191115757","9551d8ed","T3634-S0001","common"
"СЗАО ""Безопасные дороги Беларуси""","191694101","c5efa14a","T4024-S0001","common"
"СЗАО ""БЕЛВИНГС-М""","800017156","d62e2ece","T4887-S0001","common"
"СЗАО ""БЕЛДЖИ""","690655942","7ed7b9a7","T4064-S0001","common"
"СЗАО ""БЕЛИНТЕРФИНАНС""","100349289","fd19966d","T3277-S0001","common"
"СЗАО ""БЕЛКАРГО""","100344404","ee364017","T3584-S0001","common"
"СЗАО ""Белмедматериалы""","800017554","db3e59ff","T3947-S0005","common"
"СЗАО ""БелМетКомпозит""","191691858","0a948dc5","T3996-S0001","common"
"СЗАО ""БЕЛРУСИНВЕСТ""","190951040","86db39c9","T4500-S0001","common"
"СЗАО ""Белтелекабель""","400424686","c474d00d","T5501-S0003","common"
"СЗАО ""БЕЛТРАНСЭКСПЕДИЦИЯ""","100951254","792071fd","T5560-S0001","common"
"СЗАО ""БЕЛФАРМ""","100348096","029d0d88","T4128-S0002","common"
"СЗАО ""БЕЛФАРМ""","100348096","2edfc3f6","T4128-S0003P","preferred"
"СЗАО ""БелФрост""","100779309","06d66045","T6188-S0001","common"
"СЗАО ""Бобруйский завод рапсового масла""","790384303","63f0b471","T4201-S0001","common"
"СЗАО ""БукингБай""","191306341","eddace9e","T2966-S0001","common"
"СЗАО ""ВЕТСЕРВИС-ПЛЮС""","190616049","0b0558c8","T5242-S0001","common"
"СЗАО ""Витебский машиностроительный завод ""Новмаш""","811000834","cc64c7be","T5492-S0001","common"
"СЗАО ""Горы""","700246757","70fa1c9d","T3596-S0001","common"
"СЗАО ""Евротарэкс""","800002231","f98d682f","T6365-S0003","common"
"СЗАО ""Завод сантэкс""","800017817","6389e69f","T6193-S0004","common"
"СЗАО ""Завод спецавтомобилей ""БЕЛАВА""","191681325","c9f0dca4","T3826-S0001","common"
"СЗАО ""ИЗОТОПНЫЕ ТЕХНОЛОГИИ""","101553117","3a1b3d9a","T4321-S0002","common"
"СЗАО ""ИЗОТОПНЫЕ ТЕХНОЛОГИИ""","101553117","9eca905a","T4321-S0003P","preferred"
"СЗАО ""ИМПЕТ""","100003261","49bf920a","T6144-S0001","common"
"СЗАО ""ЛадаГарант""","100934617","ee69af19","T2669-S0001","common"
"СЗАО ""ЛЕБОРТОВО""","190460554","f6ea435e","T3848-S0003","common"
"СЗАО ""ЛИПЛАСТ-СПб""","500015511","daea237e","T5635-S0001","common"
"СЗАО ""МВЗ""","790272543","a4511f5b","T3080-S0001","common"
"СЗАО ""М-ВИТРЕА""","690652374","62b96830","T2561-S0001","common"
"СЗАО ""Международный энергетический центр""","100718978","0d64b84f","T2988-S0001","common"
"СЗАО ""МогилевГАЗавтосервис""","790819154","db48d98b","T4370-S0001","common"
"СЗАО ""МолСлад""","490315507","5a6cb2c0","T4585-S0001","common"
"СЗАО ""Облхимсервис""","190761996","941a1f5d","T4174-S0001","common"
"СЗАО ""Отико""","100366972","aae62bdb","T4228-S0001","common"
"СЗАО ""ПОЛИМЕРТРАНС""","800015643","5e96f29f","T4959-S0001","common"
"СЗАО ""РиндиБел""","590750092","c189e4ac","T4489-S0001","common"
"СЗАО ""РУЭЛТА""","190606828","90e37fc2","T3684-S0001","common"
"СЗАО ""СД факториал Логистик""","690652440","31a8595b","T4379-S0001","common"
"СЗАО ""Серволюкс""","800000560","613f20c9","T5990-S0001","common"
"СЗАО ""СКАЛАНОВА""","191027159","1c1b3e7c","T5852-S0001","common"
"СЗАО ""ТДФ Экотех-Лань""","690653248","0d348424","T5683-S0001","common"
"СЗАО ""ТДФ Экотех-Северный""","191298253","cf3bc03c","T2726-S0001","common"
"СЗАО ""ТДФ Экотех-Снов""","690653235","80a9790c","T4848-S0001","common"
"СЗАО ""ТелДаФакс Экотех МН""","190872086","d45ebaae","T5605-S0001","common"
"СЗАО ""Торговый дом ""Летний сад""","190709212","08235535","T5732-S0001","common"
"СЗАО ""ФБА""","810000426","3d39e563","T4210-S0001","common"
"СЗАО ""ФЗП""","690656487","c55bd0b6","T4266-S0001","common"
"СЗАО ""ФИДМАШ""","800009795","6f4136ac","T3857-S0001","common"
"СЗАО ""Филтер""","690600663","e43c1ee1","-S0001","common"
"СЗАО ""Электромеханический завод""","600238802","566e16e4","T3812-S0001","common"
"СЗАО ""ЭНЕРГО-ОИЛ""","800011806","35312c49","T3957-S0001","common"
"СЗАО ""ЭстаБел""","590750077","7fb67056","T4487-S0001","common"
"Сипадан ЗАО","690367223","15d9573a","T5687-S0001","common"
"Слонимское ОАО ""Дом торговли""","500040954","eb776379","T1514-S0001","common"
"Слонимское ОАО ""Товары для дома ""","500040939","dc3b8503","T1513-S0001","common"
"Слуцк-МОДУЛЬ ОАО","600074992","1726e3ae","T2362-S0001","common"
"СМЗАО ""АРЕСА-СЕРВИС-СТРОЙ""","100935230","fab9cbea","T6104-S0003","common"
"СМ ОАО ""БЕЛЗАВОДСТРОЙ""","100017243","c9f5eabf","T0634-S0001","common"
"СОАО ""АТЭП-5""","100286240","56b8b77f","T0206-S0001","common"
"СОАО ""БелНордСтайл""","600033812","cc35b319","T0242-S0001","common"
"СОАО ""Беловежские сыры""","200193576","a4431bd2","T1016-S0001","common"
"СОАО ""Гомелькабель""","400052314","e5eec582","T1324-S0004","common"
"СОАО ""Коммунарка""","100088732","f5238a9d","T0689-S0003","common"
"СОАО ""Кровля""","700078647","30a4680a","T0274-S0001","common"
"СОАО ""Ляховичский молочный завод""","200069267","e3d93720","T0930-S0001","common"
"СОАО ""Минск-Лада""","100003417","2074fbb7","T0610-S0001","common"
"СОАО ""ПАРФЮМЕРНО-КОСМЕТИЧЕСКАЯ ФАБРИКА ""МОДУМ-НАША КОСМЕТИКА","100092830","6d7912b8","T0696-S0003","common"
"СОАО ""Речицапиво""","400016657","06167238","T2001-S0005","common"
"Солигорский завод технологического оборудования ЗАО","600122730","107636dd","T1747-S0002","common"
"СПАЙСЭКСИМТОРГ ЗАО","101428516","b305f791","T5798-S0001","common"
"СП ""АМИПАК""-ОАО","400054120","84401533","T1327-S0003","common"
"СП ""Веставто"", ОАО","200316502","826e699a","T1069-S0001","common"
"СП ЗАО ""БИГАН""","800011199","7970245b","T6363-S0001","common"
"СП ЗАО ""МИЛАВИЦА""","100055049","01eed46a","T3651-S0003","common"
"СПЗАО ""МИЛЛЕННИУМ ГРУПП""","800001490","809b05ab","T3149-S0001","common"
"СП ЗАО ""РОМАШКА""","100364449","9aec1951","T5572-S0001","common"
"СП ЗАО ""ТРАНСБАЛТ""","101457066","5308dff1","T5613-S0001","common"
"СП ЗАО ""ЮНИСОН""","600394829","a319a22d","T4239-S0003","common"
"СП ""КамСил"" ЗАО","200501724","87d088a4","T3050-S0004","common"
"СП ""КРЕАТОР"" ЗАО","600503112","bef1b1f3","T5815-S0001","common"
"СП ОАО ""Брестгазоаппарат""","200050520","391146b0","T0925-S0001","common"
"СП ОАО ""ГЭТЗ""","400069484","46a211fc","T1348-S0001","common"
"СП ОАО ""СПАРТАК""","400078278","091468a2","T1366-S0001","common"
"СП ""ТЕХНОТОН"" - ЗАО","800003266","6dbb9de6","T5709-S0001","common"
"СП ""ТРАНСВИКО"" ЗАО","800005149","d1b93dea","T5643-S0001","common"
"СРМУ-3 ЗАО","101511280","e41cde44","T5704-S0001","common"
"Стеклозавод ""Залесье"" ОАО","600010636","d72b6283","T1614-S0001","common"
"СТОАО ""Світанак""","500041006","e571b3ab","T1517-S0001","common"
"Стройгаз, г. Брест","200002616","7f48c409","T0848-S0001","common"
"СТРОЙЛЭНД ЗАО","101136761","11989e5a","T5806-S0001","common"
"Стройтрест №37 ЗАО","191682426","b4a9488e","T3887-S0001","common"
"Теплоэнергопроект","191321542","3c16824a","T2656-S0001","common"
"Техника хлебопечения ЗАО","691395833","cef11bc6","T3880-S0001","common"
"ТЗАО ""БОГАТЫРЬ""","100008396","7caf54ea","T5152-S0003","common"
"ТЗАО ""ПАЛЬМИРА""","100262481","51065e82","T4882-S0001","common"
"ТОАО ""Гродно Культторг""","500046490","1a021f5a","T1533-S0001","common"
"Трансэнергоинвест ОАО","100679941","d310cb1c","T0783-S0001","common"
"Тревелинк-Инвест СЗАО","800000558","5ea43709","T5804-S0001","common"
"Универсам Юго-Запад закрытое акцион","100679053","5ad11f14","T2587-S0001","common"
"ФОРМИНТЕК ЗАО","100176787","eca3040b","T4334-S0001","common"
"Шипмастер СЗАО","191304882","3e014efc","T2911-S0001","common"
"ЭКСПОЭНЕРДЖИ","191296500","9e715978","T2668-S0001","common"
"ЭЛЕКТРОСЕРВИССТРОЙ ЗАО","101170717","c0c9e7b5","T6052-S0001","common"
"Эфекта ЗАО","190516362","7594a081","T4005-S0001","common"
